tp1_s,tp2_s,tp3_s,tp4_s,tp5_s,tp6_s,tp7_s,tp8_s,tp9_s,tp10_s,tp11_s,tp12_s,tp13_s,tp14_s,tp15_s,tp16_s,tp17_s
8.03,7.98,7.11,7.89,6.78,6.72,8.24,6.96,6.36,9.35,9.77,8.3,7.99,7.59,7.29,8.06,8.93
13.18,12.83,12.16,12.24,12.01,11.94,13.3,12.41,11.65,14.07,13.8,13.0,12.86,12.08,12.26,12.8,12.83
6.67,6.49,5.68,6.83,4.9,5.7,6.63,6.37,5.53,6.99,7.41,6.68,6.24,5.87,6.15,6.04,6.56
0.0,0.0,0.5,2.32,1.0,1.65,1.29,1.33,0.0,2.0,1.63,0.5,0.25,0.5,0.79,3.26,1.69
3.64,3.69,2.71,2.81,1.93,2.75,3.6,3.29,2.22,3.58,2.86,2.56,2.58,3.0,2.43,1.79,2.66
11.02,10.76,10.35,11.01,10.13,9.89,11.02,10.37,9.73,11.45,11.58,10.59,10.32,11.13,10.65,10.0,10.47
1.87,1.63,0.6,0.5,1.0,1.79,0.0,1.58,0.0,3.02,3.28,1.65,1.4,1.0,0.65,3.03,2.02
3.68,3.48,2.63,3.0,2.44,1.78,3.04,2.74,1.89,3.15,3.16,2.33,2.93,3.02,1.85,1.29,2.13
7.7,7.67,6.13,6.86,5.72,5.63,7.59,6.58,5.68,7.84,8.76,7.08,6.81,6.15,5.75,6.92,7.23
3.98,3.88,3.38,3.67,3.46,2.67,3.48,3.53,3.24,3.98,3.77,3.53,3.56,3.92,3.24,3.52,2.27
10.2,10.67,10.36,10.92,10.11,9.76,10.56,9.7,9.45,11.21,11.26,10.46,10.08,10.63,10.23,10.1,10.71
7.11,6.92,6.17,5.54,4.78,4.81,6.37,5.62,5.11,6.88,7.33,6.56,5.58,5.83,5.09,4.98,5.42
6.56,6.32,6.02,5.97,5.18,4.88,5.81,5.72,5.13,6.13,6.31,6.19,5.88,6.64,6.06,3.56,5.01
10.77,10.59,10.07,9.67,9.03,9.4,10.14,10.36,10.55,11.2,11.09,11.16,10.44,10.44,9.75,10.19,10.35
8.84,8.87,8.22,8.43,7.8,7.7,9.13,7.62,7.25,9.75,9.74,8.76,8.04,8.5,7.88,8.28,9.05
6.52,6.35,6.22,5.98,5.48,5.42,6.45,6.05,5.19,5.67,5.61,5.61,5.96,6.5,6.11,3.18,4.8
6.46,6.8,6.21,6.55,5.41,5.38,6.52,5.88,5.7,7.22,7.17,6.8,6.22,6.61,6.02,5.48,6.22
5.47,5.55,5.22,5.35,4.45,4.25,5.55,4.74,4.28,5.94,6.01,5.25,5.0,5.24,4.82,4.23,5.42
8.63,9.07,8.63,9.3,8.41,7.91,8.61,7.72,7.75,9.54,9.48,8.59,8.27,8.08,8.13,8.32,9.26
2.58,2.91,2.25,2.48,2.37,2.34,3.09,3.55,2.86,3.57,4.37,3.58,3.15,3.54,3.32,1.79,2.15
8.39,8.37,7.95,7.68,7.18,7.43,8.15,8.06,7.47,7.85,8.4,8.02,8.36,8.77,7.97,7.52,7.89
8.67,9.06,8.69,9.16,8.29,7.92,8.56,7.53,7.35,9.42,10.28,9.01,8.67,9.05,8.54,9.16,9.92
6.22,6.37,6.26,6.22,5.48,5.17,6.16,5.67,5.03,6.25,6.38,5.62,5.98,6.36,5.94,4.8,5.68
4.97,5.04,4.25,4.43,4.0,3.79,4.72,4.08,3.85,5.43,5.99,4.97,4.64,4.47,4.37,4.72,5.78
6.52,6.26,5.78,6.08,5.36,5.7,6.07,5.33,5.22,7.17,7.25,6.37,6.17,6.01,5.95,6.65,7.91
5.68,5.91,5.15,5.73,5.17,4.99,6.12,4.99,4.64,7.43,7.81,6.13,5.63,5.71,5.44,6.03,7.09
6.86,6.73,5.99,6.19,4.93,4.91,6.32,5.67,5.4,7.97,7.7,7.04,6.43,5.98,5.6,6.41,6.79
8.83,8.59,8.5,8.64,8.05,7.7,8.56,8.27,7.67,9.17,9.03,8.6,8.45,8.8,8.27,7.86,8.13
4.69,4.42,2.94,3.44,2.73,3.24,3.96,3.53,3.12,5.59,5.42,4.44,4.04,3.71,3.51,3.48,5.16
9.96,9.71,9.51,9.42,8.31,8.3,9.3,9.39,8.62,9.64,9.69,9.48,9.29,9.49,8.9,8.61,8.24
8.82,8.67,7.96,7.84,7.37,7.7,8.48,8.9,8.47,9.53,9.67,9.07,8.32,8.74,8.35,9.24,9.07
5.71,5.68,5.39,5.43,4.9,4.87,5.72,5.16,4.76,6.34,6.78,6.09,5.77,6.0,5.51,5.62,6.6
6.76,6.99,6.39,6.82,5.95,5.64,6.5,5.52,5.23,7.56,8.34,6.87,6.37,6.53,6.21,7.3,8.15
4.45,4.36,3.68,3.89,3.38,3.33,4.25,3.9,3.43,4.82,5.28,4.56,4.08,4.2,3.62,3.69,5.09
7.13,6.86,6.65,7.03,6.45,6.61,6.49,6.59,6.39,5.63,6.18,5.72,6.25,6.53,6.45,5.71,5.08
9.45,9.97,9.24,10.14,9.18,8.6,9.26,8.42,8.28,10.22,10.84,9.76,9.25,9.53,9.34,9.66,10.24
11.96,12.13,12.09,12.3,11.83,11.7,12.16,11.68,11.27,12.73,12.3,11.72,11.63,12.32,11.86,11.37,11.54
9.9,9.86,9.31,10.12,9.11,8.63,10.0,8.99,8.51,10.97,11.14,10.01,9.43,9.65,9.22,9.63,9.92
7.91,7.62,7.29,7.83,6.9,6.65,7.64,7.06,6.61,8.15,7.94,7.18,7.06,7.94,7.21,6.67,6.85
6.01,5.73,5.53,6.24,5.64,5.73,5.83,5.87,5.75,6.23,6.88,6.97,6.67,7.24,6.9,6.66,6.82
1.29,1.69,1.66,1.04,1.4,0.5,0.5,0.75,0.93,1.0,0.0,0.5,0.93,0.93,1.04,0.0,1.79
11.46,11.39,10.53,11.44,10.68,10.3,11.55,10.66,9.81,12.84,11.88,11.5,11.19,10.72,10.48,11.05,10.91
3.24,2.78,2.38,2.51,2.66,2.55,3.6,3.78,2.62,3.12,2.56,3.2,3.16,3.47,3.14,1.5,1.9
5.36,5.33,4.82,4.7,4.0,3.79,4.96,4.49,4.1,5.5,5.21,4.94,5.04,4.48,4.43,2.94,4.89
11.3,11.38,11.2,11.66,10.95,10.59,11.27,10.64,10.25,11.47,11.64,11.03,11.02,11.72,11.2,10.62,10.92
5.66,5.81,5.16,5.58,4.72,4.35,6.06,4.8,4.11,6.73,7.21,5.85,5.31,4.97,4.95,5.08,6.81
9.61,9.92,8.33,9.0,7.77,7.66,9.48,8.33,7.45,10.61,11.45,9.89,9.21,8.09,8.46,9.45,9.76
8.92,8.58,7.86,8.26,7.21,7.38,8.6,8.12,7.23,9.17,9.19,8.37,8.49,8.82,8.16,7.56,7.93
12.11,11.98,11.27,12.14,11.06,11.01,12.43,11.32,10.61,13.2,12.94,12.01,12.02,11.69,11.64,11.52,12.12
6.22,6.04,5.75,6.55,5.12,4.93,6.08,5.48,4.76,6.79,6.93,6.16,6.16,6.16,5.42,5.37,6.43
9.69,9.65,9.23,10.25,9.25,8.45,9.59,8.6,8.16,11.4,11.7,9.93,9.68,9.53,8.76,10.06,11.24
4.98,5.22,4.87,4.84,3.98,3.91,5.34,4.68,4.11,6.0,6.18,5.12,4.84,4.74,4.73,4.08,5.65
7.68,8.16,7.63,8.38,7.57,6.98,7.74,6.81,6.51,8.52,9.12,7.91,7.63,7.59,7.46,7.85,8.91
6.94,7.4,7.08,7.6,6.69,6.39,7.37,6.37,6.03,7.94,8.67,7.42,7.12,8.37,7.26,7.14,8.36
4.76,4.77,3.86,4.28,3.72,3.94,4.92,4.2,4.12,6.06,6.02,5.43,4.79,4.69,3.91,4.69,6.16
6.43,6.8,6.27,6.58,5.75,5.59,7.16,5.76,5.5,8.36,9.01,7.68,6.71,6.42,6.32,7.0,8.38
10.43,10.74,10.29,11.16,10.18,9.74,10.08,9.57,9.42,10.72,11.4,10.52,10.5,10.91,10.68,10.55,10.77
5.69,5.54,4.42,5.27,4.3,3.98,5.4,4.44,3.76,6.64,6.37,5.21,5.08,4.28,4.1,5.46,6.25
7.04,7.03,6.35,7.38,6.61,6.5,7.35,6.61,5.65,7.58,7.8,6.91,6.78,7.16,6.92,6.51,7.37
4.37,4.5,3.63,3.87,3.29,3.09,4.02,3.1,2.85,4.7,5.43,4.17,3.67,3.62,3.42,4.38,5.41
5.46,5.81,5.17,5.45,4.73,4.16,5.75,5.17,4.45,5.92,6.76,5.8,5.72,5.71,5.16,5.1,5.99
5.66,5.29,4.79,4.94,4.6,4.63,5.15,5.0,4.51,5.45,5.27,4.92,5.06,5.14,4.8,3.83,4.33
10.5,10.43,9.78,10.52,9.5,9.52,10.92,9.53,8.79,11.64,11.69,10.41,9.51,9.82,9.9,10.1,10.58
9.3,8.61,9.06,9.76,8.25,7.46,8.22,8.41,7.62,8.24,8.86,7.95,8.1,8.79,8.79,8.08,8.1
7.49,7.71,7.07,7.37,6.49,6.08,8.17,6.23,6.4,9.39,9.59,8.27,7.38,6.64,6.5,7.56,8.77
7.29,7.39,6.59,6.68,5.67,5.43,7.46,5.59,5.46,8.92,9.1,7.89,7.01,5.91,6.07,7.17,8.59
5.51,5.29,4.9,5.43,4.88,4.65,5.33,5.1,4.62,5.63,5.58,5.31,4.73,5.5,5.32,4.12,4.88
5.32,4.92,4.45,4.5,3.65,3.7,4.51,4.89,4.44,5.85,5.4,5.0,5.07,5.13,3.86,3.52,3.91
3.15,3.01,2.7,2.51,3.16,3.32,3.99,3.43,2.36,3.5,3.63,3.2,2.9,3.56,3.48,3.08,3.91
6.78,6.57,6.53,6.9,6.16,5.79,6.57,6.1,6.09,7.27,7.72,6.76,6.95,6.74,6.39,6.94,7.77
4.66,4.21,3.09,3.76,3.05,2.49,4.39,3.23,2.78,4.7,4.6,3.87,3.72,3.29,2.72,2.29,4.52
4.56,4.76,3.61,3.4,2.97,2.82,4.19,3.81,3.91,5.68,6.42,4.95,4.23,3.88,3.2,4.01,5.89
5.47,5.4,5.02,4.92,4.56,4.37,6.01,4.77,4.8,6.85,6.71,5.73,5.21,5.0,4.94,4.96,6.09
6.47,6.32,5.39,5.74,5.18,4.89,6.74,4.92,4.66,7.85,8.15,6.71,5.9,5.23,5.55,6.19,7.61
6.86,6.84,6.85,6.97,6.05,6.17,7.36,6.56,5.93,7.12,6.97,6.88,6.77,7.45,6.91,5.65,6.58
6.58,6.62,5.86,6.44,5.44,5.5,6.06,6.18,5.28,5.61,6.1,5.72,6.29,7.39,6.52,3.69,5.44
7.67,7.88,7.96,8.93,7.29,6.86,7.89,7.78,7.08,7.57,8.03,7.49,7.99,9.14,7.69,6.55,7.2
6.03,6.11,5.51,5.54,4.84,4.61,5.7,4.89,4.55,7.01,7.29,6.19,5.68,5.42,5.21,5.96,7.13
5.14,5.28,4.4,4.64,3.7,3.59,5.0,3.86,3.6,6.23,6.81,5.44,4.91,4.48,4.19,5.13,6.65
3.99,3.81,3.32,3.43,2.78,2.79,4.0,3.05,2.69,4.67,5.17,4.17,3.51,3.97,3.22,3.21,4.89
8.56,8.12,7.13,6.22,5.82,5.37,6.93,6.81,6.55,8.44,9.52,8.2,6.31,5.98,5.5,6.21,6.58
11.34,11.48,11.11,11.45,10.83,10.37,11.17,9.96,10.29,12.38,12.28,11.42,11.03,10.39,10.94,11.09,11.7
5.49,5.15,4.61,5.17,4.46,4.75,5.34,4.98,4.09,4.4,4.4,4.61,4.63,5.31,5.12,4.5,4.83
5.21,5.24,4.7,4.87,4.05,4.23,5.27,4.9,4.15,5.85,5.48,5.07,4.91,5.33,4.64,3.45,5.09
5.91,6.11,5.73,5.89,5.32,4.96,5.71,5.19,4.77,5.83,6.15,5.33,5.42,5.16,5.31,5.27,6.1
6.94,6.87,6.45,6.7,5.87,5.66,6.94,6.34,5.63,7.92,8.32,7.21,6.62,6.98,6.51,6.68,7.53
8.49,8.33,7.85,8.38,7.39,7.1,8.28,7.67,7.31,9.11,9.42,8.69,8.1,8.59,7.98,7.67,8.55
8.44,8.91,7.92,8.21,7.54,7.1,8.47,6.78,6.64,9.98,10.49,9.01,8.42,7.7,7.78,8.87,9.89
5.69,5.66,4.8,5.08,4.23,4.21,5.46,4.38,4.39,7.0,7.03,5.94,5.18,4.78,4.43,5.66,6.62
8.67,8.26,7.85,7.93,6.67,6.73,7.7,8.03,8.29,8.89,8.98,9.04,8.26,8.14,7.41,7.95,7.75
7.75,7.86,7.19,7.49,6.49,6.22,7.12,6.74,6.47,8.74,8.6,7.81,7.88,7.65,6.88,7.6,8.07
8.84,8.8,7.69,8.22,7.16,6.84,8.42,7.22,6.76,10.21,10.01,8.7,8.38,7.48,7.04,8.46,9.15
4.86,4.68,4.74,5.47,4.46,4.5,5.28,5.23,4.27,4.77,4.52,4.82,4.61,5.36,5.26,3.27,3.72
6.19,6.24,6.59,6.6,5.6,5.37,6.26,6.39,5.61,6.69,6.95,6.32,6.1,6.55,6.06,6.0,6.74
6.31,6.9,5.66,6.09,5.23,4.54,6.18,5.76,4.77,6.34,7.38,6.02,6.22,5.69,5.53,6.05,6.38
6.72,6.68,6.33,6.84,6.21,5.99,6.42,5.95,5.38,6.8,7.26,6.48,6.36,6.99,6.51,6.49,6.71
5.92,5.57,4.98,5.19,4.4,4.52,5.52,5.13,4.8,5.65,5.63,5.31,5.06,4.98,4.68,3.68,4.91
6.38,6.35,5.53,6.26,5.41,5.08,6.82,5.59,4.89,8.35,9.01,7.18,6.07,5.49,5.89,6.74,7.69
5.48,5.25,4.55,5.71,4.68,4.47,5.45,5.36,4.36,5.93,5.89,5.11,4.97,5.33,4.96,3.39,4.96
4.35,4.4,3.71,3.35,3.16,3.34,3.17,3.69,3.1,4.56,4.7,4.21,3.94,4.24,3.67,2.29,3.3
4.7,4.63,3.11,3.77,3.02,2.86,4.8,3.05,2.64,6.15,6.83,4.62,3.97,3.95,2.74,4.85,5.84
4.87,4.8,4.59,4.67,4.55,4.53,5.13,4.75,4.36,4.83,4.63,4.59,4.57,5.01,4.84,3.63,3.67
2.09,1.29,0.79,0.0,1.1,2.12,2.73,2.68,1.17,1.29,0.0,1.48,1.29,1.66,3.95,0.0,0.0
10.71,10.85,10.46,11.01,9.64,9.59,10.68,10.22,9.65,11.09,10.96,10.42,10.57,11.32,10.29,9.59,9.46
12.36,12.14,12.04,12.05,11.93,11.67,12.25,11.75,11.29,13.36,12.71,12.39,12.05,11.71,11.71,12.01,12.18
4.53,4.3,3.96,4.45,3.75,3.94,4.27,4.52,3.98,5.15,4.72,4.35,4.35,4.52,3.8,2.6,3.62
5.97,5.7,5.32,5.91,5.09,4.9,5.94,5.53,4.99,6.34,6.61,5.78,5.71,6.1,5.7,4.57,5.63
7.04,6.82,6.53,6.87,6.29,6.33,7.8,7.12,6.44,7.67,7.65,7.12,6.59,6.86,6.69,6.65,6.66
7.82,7.72,7.49,7.79,7.28,7.07,7.89,8.34,7.63,7.71,7.92,7.18,7.18,8.06,7.66,7.06,7.06
5.76,5.55,5.32,5.86,5.01,4.82,5.9,5.46,4.89,5.69,5.91,5.44,5.62,6.29,5.41,3.61,5.3
5.22,5.12,4.32,4.62,4.2,4.65,5.89,4.85,3.89,5.7,5.88,4.92,4.82,4.77,4.85,5.44,4.86
10.06,10.39,10.05,10.97,10.1,9.79,10.28,9.85,9.19,10.44,10.6,9.77,9.65,10.33,10.17,9.56,9.91
10.86,10.87,10.55,11.04,10.05,9.76,10.55,10.03,9.63,11.71,11.52,10.87,10.42,10.96,10.6,10.03,10.36
13.67,13.7,13.08,13.28,13.26,12.78,13.98,13.53,13.17,14.21,13.96,13.63,13.08,13.1,13.42,13.31,13.02
6.03,5.93,5.77,5.8,5.5,5.62,6.28,5.93,4.95,6.21,5.73,5.46,5.59,6.49,5.9,4.76,4.98
8.19,7.94,8.02,8.69,7.96,7.43,8.35,7.59,7.2,8.15,8.3,7.47,7.57,8.36,8.01,7.51,7.76
8.47,8.66,8.45,8.53,7.76,7.7,8.61,8.12,7.63,8.68,8.72,8.41,8.28,8.56,8.3,7.57,8.04
5.05,4.84,4.41,5.09,5.02,4.61,5.1,4.79,4.09,5.3,4.57,4.71,5.14,4.75,5.08,3.93,4.02
6.5,6.36,5.51,5.8,5.27,5.55,7.1,6.22,5.25,7.45,5.52,6.39,5.73,5.92,5.81,6.19,6.17
4.11,3.98,3.41,3.62,3.21,2.32,3.26,3.94,3.51,4.14,4.01,3.6,3.73,4.26,3.93,1.9,3.22
10.68,10.83,10.65,10.79,10.29,10.03,11.15,10.15,9.87,11.91,11.56,10.7,10.21,10.54,10.12,10.44,10.68
10.57,10.69,10.1,10.56,9.72,9.59,10.32,9.56,9.45,11.58,11.63,10.91,10.25,10.13,10.24,10.43,10.82
5.08,5.18,4.6,4.47,3.95,4.11,4.65,4.86,4.53,5.21,4.89,5.38,5.0,5.22,4.82,4.71,5.33
10.09,10.3,9.92,10.99,10.0,9.62,10.59,9.64,9.33,11.42,11.47,10.52,9.95,10.59,10.11,9.9,10.54
10.45,10.45,10.35,11.19,10.2,8.88,10.33,9.89,9.51,10.41,10.57,9.54,9.25,10.36,9.76,9.02,10.43
9.6,9.78,9.25,10.66,9.26,8.79,9.58,8.85,8.47,10.17,10.35,9.87,9.75,10.05,9.31,9.19,9.87
9.99,10.28,9.7,10.24,9.67,9.25,10.52,9.43,8.68,11.31,10.93,10.02,9.65,9.76,9.53,9.79,10.04
11.34,11.14,10.51,10.97,10.45,10.03,11.32,10.28,9.7,12.53,12.02,11.08,10.74,10.54,10.33,10.72,10.93
4.69,4.69,3.39,4.19,3.58,3.15,4.1,3.55,2.87,4.92,4.78,4.08,4.05,3.96,3.49,3.39,4.58
10.13,10.27,9.82,10.46,9.23,9.01,10.28,9.14,9.01,10.72,10.85,10.16,9.95,10.37,9.55,9.42,10.22
5.96,5.99,5.17,6.1,4.77,4.64,6.14,5.46,4.36,6.49,7.28,6.08,5.88,5.21,5.17,5.52,6.15
8.25,8.18,7.6,7.38,6.83,7.11,7.66,7.83,7.27,7.2,7.69,7.41,7.4,7.7,7.57,6.71,6.36
4.74,3.96,3.16,4.1,3.49,3.02,4.01,3.88,4.04,4.33,4.17,3.26,3.18,3.81,3.8,3.54,4.9
6.97,6.84,6.31,6.16,5.11,5.26,6.77,5.69,5.52,7.72,7.5,6.83,6.32,6.01,5.53,5.76,6.7
8.42,8.16,8.0,8.66,7.59,7.14,8.12,7.8,7.13,8.23,8.4,7.63,7.52,8.26,7.9,6.92,7.4
10.28,10.48,9.68,10.95,9.4,8.94,10.58,9.35,8.83,12.07,12.1,10.78,10.21,10.0,10.19,10.48,10.91
5.76,6.05,4.62,5.3,4.33,4.12,5.33,4.96,4.15,6.19,7.24,5.85,5.42,4.57,4.69,5.88,6.65
5.12,4.7,4.58,4.6,4.3,3.77,4.41,4.62,4.18,5.03,5.27,4.89,4.62,5.24,4.73,3.07,4.39
6.26,6.04,6.0,6.12,5.31,5.35,6.13,5.99,5.42,6.26,6.23,6.03,5.88,6.31,5.68,4.36,5.11
6.76,6.92,6.35,6.6,5.82,5.84,6.87,6.69,6.09,7.55,7.97,7.1,6.44,6.8,6.36,6.35,6.65
6.27,6.28,6.23,6.2,5.39,5.2,6.01,5.77,5.15,6.49,6.4,5.74,5.99,6.36,5.69,5.09,5.4
7.38,7.42,6.66,6.75,5.72,5.71,6.82,6.57,5.82,8.36,7.83,7.14,6.86,6.36,5.84,6.49,6.48
8.7,8.82,7.99,8.85,7.37,7.03,8.58,7.52,6.9,10.05,10.09,8.9,8.2,8.32,7.51,8.48,9.14
5.02,4.84,4.08,4.0,2.68,2.84,4.54,4.53,4.18,6.38,5.76,4.92,4.63,4.11,4.03,5.27,5.41
11.71,11.69,11.39,12.37,11.44,11.02,11.74,11.29,10.68,12.54,12.49,11.84,11.54,12.06,11.99,11.0,11.24
6.02,6.43,5.04,5.22,4.05,4.19,5.86,5.08,4.47,6.86,7.65,6.25,5.4,4.55,4.3,6.35,7.06
8.87,8.92,9.15,9.21,8.17,7.93,8.62,7.85,7.55,8.78,8.82,7.76,7.74,8.02,7.87,8.06,8.12
10.76,10.42,9.78,9.79,9.08,9.55,10.35,10.35,10.54,10.93,10.85,10.75,10.01,10.12,9.89,9.74,9.63
10.49,10.58,10.49,10.76,9.51,9.48,10.64,10.11,9.45,10.61,10.56,10.38,10.3,11.04,10.2,9.17,9.55
8.11,8.43,8.16,8.22,7.75,7.24,8.6,7.41,7.05,9.41,9.41,8.25,7.64,7.9,7.68,7.95,8.75
4.56,4.39,3.64,3.61,3.24,3.11,4.24,3.8,3.18,4.71,4.81,3.79,3.64,3.81,3.09,1.85,4.01
8.04,7.79,7.64,7.28,6.49,6.64,7.62,7.47,6.96,7.95,7.69,7.56,7.35,7.58,6.87,6.31,5.86
4.93,4.76,4.25,4.02,2.64,2.86,4.32,4.06,4.09,5.56,5.0,4.85,4.42,4.45,3.38,1.44,3.34
11.15,11.56,11.0,11.32,11.02,10.59,11.02,10.27,10.13,12.13,12.08,11.48,11.15,10.56,10.92,11.25,11.65
6.38,6.06,5.63,5.59,5.2,5.45,6.11,6.06,5.55,5.85,5.69,5.7,5.67,6.08,5.32,5.09,5.41
5.3,5.38,3.74,4.07,3.31,3.4,4.9,4.01,3.58,6.08,6.83,5.16,4.47,3.54,3.62,5.14,5.49
5.76,5.53,5.29,5.11,4.55,4.55,5.09,5.25,5.16,6.69,6.41,5.62,5.58,5.64,4.86,5.41,5.77
8.5,8.57,8.82,9.05,8.02,7.43,8.31,7.66,7.42,7.89,8.23,7.58,7.79,7.84,7.64,6.65,7.61
12.6,12.44,12.67,12.79,12.48,11.75,12.67,12.17,11.87,13.62,13.22,12.91,12.83,12.26,12.41,12.56,12.73
8.28,8.04,7.37,7.54,6.92,6.71,8.09,6.92,6.67,8.57,8.67,7.72,7.01,7.1,6.9,7.35,7.63
9.59,9.88,9.44,9.78,8.89,8.55,9.66,8.62,8.67,10.9,11.0,10.18,9.45,9.38,9.39,9.48,10.2
6.88,6.72,6.34,6.17,4.0,4.33,6.01,6.18,5.84,7.89,7.34,6.84,6.44,6.26,4.33,4.71,4.85
10.11,10.08,9.56,10.11,9.24,8.93,10.08,9.3,8.59,10.98,11.16,10.19,9.44,10.01,9.53,9.41,10.05
8.09,7.64,7.1,7.01,5.82,5.72,7.65,6.62,6.17,8.82,8.28,7.66,6.98,6.87,6.36,6.72,7.44
8.5,8.27,7.92,7.63,6.08,6.05,7.52,7.28,7.35,8.99,8.45,8.03,7.99,7.76,6.65,6.35,7.23
6.43,6.14,6.32,5.7,4.3,3.99,4.6,5.46,5.49,6.46,5.95,5.87,5.42,5.73,4.11,3.98,5.01
5.77,5.13,4.15,5.02,4.13,3.52,5.24,4.49,4.14,5.8,5.64,5.11,5.12,4.76,4.22,3.66,5.13
6.59,6.16,5.9,5.69,3.2,3.96,4.86,5.74,5.31,6.93,6.47,6.24,5.66,5.84,4.06,3.18,3.61
7.41,7.37,7.15,6.78,5.63,5.6,6.69,6.45,6.28,7.95,7.76,7.42,6.88,7.06,6.14,5.83,6.58
6.58,6.74,5.81,6.1,5.11,4.84,5.86,5.3,4.94,7.03,6.96,6.31,6.08,5.6,5.47,5.39,6.39
12.51,12.62,12.53,12.54,12.22,12.02,12.73,12.0,11.91,13.35,13.16,12.79,12.52,12.43,12.23,12.11,12.45
5.48,5.48,4.85,5.25,4.56,4.33,5.73,4.9,4.19,6.57,7.19,5.92,5.02,5.2,5.14,5.43,6.31
6.2,6.14,6.52,6.05,5.75,5.36,6.13,6.07,5.28,6.29,6.21,5.42,5.88,6.25,5.94,6.08,5.92
11.44,11.69,11.2,11.94,11.13,10.88,11.56,10.63,10.46,12.83,12.36,11.68,11.28,11.22,11.12,11.27,11.65
4.86,4.55,4.11,3.94,3.43,3.18,4.46,4.26,3.67,4.9,4.96,4.32,4.61,5.09,3.84,3.13,3.93
7.75,7.93,6.79,7.45,6.62,6.2,7.83,6.34,6.1,9.38,9.51,7.93,7.52,7.28,6.95,7.77,8.6
5.72,5.36,4.27,4.78,3.87,3.7,5.36,4.6,4.31,6.55,6.35,5.43,4.99,4.46,4.28,4.95,6.05
10.55,10.4,9.97,9.4,8.39,8.69,9.47,9.84,10.03,10.95,10.91,10.55,10.05,9.71,9.09,9.88,9.81
10.49,10.37,9.75,9.22,9.25,9.66,10.05,10.53,9.74,10.56,10.96,10.48,9.35,9.55,9.39,10.51,9.81
6.67,6.59,6.44,6.33,6.06,6.07,6.89,6.33,5.9,7.48,7.52,6.8,6.27,6.37,6.26,6.83,7.22
5.15,5.09,3.86,4.18,3.42,3.23,4.79,4.01,3.16,6.36,6.4,4.99,4.67,4.4,3.59,4.62,6.07
8.43,8.68,7.57,8.43,7.31,6.88,8.48,7.17,6.33,10.15,10.03,8.56,8.23,7.71,7.39,8.96,9.53
7.46,7.39,6.83,6.51,5.81,5.68,7.13,6.54,6.19,7.67,7.96,6.95,6.36,6.57,6.12,6.36,6.67
4.7,4.66,4.1,4.27,3.81,3.83,4.39,3.8,3.43,4.75,4.9,4.3,4.19,4.4,4.0,3.9,4.41
7.65,7.99,7.58,8.43,7.39,6.92,7.77,6.68,6.18,8.55,9.46,8.23,7.74,8.35,7.84,7.81,8.89
11.19,11.36,10.76,11.58,10.87,10.31,10.93,10.12,9.8,11.82,12.13,11.19,10.82,10.93,10.9,11.19,11.56
11.09,11.37,11.08,11.7,11.11,10.61,11.14,10.4,10.18,11.56,11.93,11.24,11.21,11.03,11.1,11.37,11.62
11.57,11.88,11.45,12.21,11.7,11.22,11.58,10.8,10.84,12.41,12.54,12.08,12.03,10.97,11.55,11.85,12.23
5.46,5.28,4.75,4.8,3.92,4.13,5.16,4.67,3.99,6.01,5.92,5.36,4.9,4.94,4.56,4.28,4.54
4.5,4.52,4.42,4.49,4.33,4.1,4.87,4.54,3.34,4.06,4.18,4.26,4.59,5.72,4.46,3.32,4.19
7.02,7.04,6.3,6.63,6.0,6.11,7.24,6.29,6.09,8.56,8.34,7.06,6.49,6.75,6.33,6.09,6.49
9.88,9.66,9.17,9.57,8.89,8.84,9.78,9.29,8.88,10.39,10.36,9.73,9.18,9.49,9.33,9.12,9.51
3.88,3.96,2.76,3.0,3.06,2.66,2.79,3.23,2.76,1.61,2.75,3.01,2.88,3.63,3.41,0.0,2.45
4.27,4.31,3.68,3.89,3.18,3.15,4.03,3.53,2.73,4.37,4.72,3.87,3.52,4.01,3.58,3.35,4.54
3.4,3.28,3.41,3.96,3.58,2.2,3.11,3.57,3.52,2.64,2.42,3.35,4.11,3.97,3.55,1.79,2.21
5.62,5.65,5.56,5.6,4.86,4.91,5.78,5.51,5.25,5.81,5.7,5.66,5.49,6.16,5.4,4.02,4.84
6.71,6.77,6.34,6.47,5.57,5.57,6.97,6.31,6.01,8.38,7.77,7.17,7.02,7.21,6.2,6.22,6.48
8.45,8.22,7.89,8.21,7.45,7.16,8.11,7.52,6.89,8.97,8.84,7.92,7.64,7.84,7.8,7.74,8.04
5.33,5.2,4.16,4.35,3.28,3.25,4.97,4.0,3.54,5.64,6.34,4.95,4.51,3.94,3.18,4.47,5.18
5.12,5.27,4.37,4.55,3.61,3.72,4.94,4.67,3.66,5.47,6.22,5.53,5.01,4.34,4.27,4.22,5.12
7.57,7.75,7.16,7.84,6.92,6.59,7.75,7.1,6.3,8.38,8.74,7.81,7.15,7.55,6.86,7.1,7.78
4.49,4.41,3.63,3.07,2.37,2.39,3.12,3.63,3.79,3.41,3.46,4.89,3.6,3.8,3.29,0.0,4.13
5.42,5.17,4.86,5.07,4.64,4.88,4.7,5.66,5.27,5.41,5.67,5.93,5.47,5.72,5.54,5.25,6.48
5.59,5.02,4.0,4.58,3.79,3.73,4.94,4.35,3.76,5.73,5.58,4.78,4.47,4.61,4.03,3.51,4.98
6.33,6.51,5.98,6.44,5.64,5.18,5.89,5.36,5.25,6.32,6.67,6.04,5.95,5.58,5.69,5.6,6.22
10.0,10.13,9.35,9.96,9.06,8.6,9.91,8.9,8.27,11.15,11.08,10.0,9.35,9.49,9.05,9.76,10.4
5.56,5.23,4.8,4.9,3.49,3.5,3.64,4.49,4.31,5.27,5.09,4.94,4.81,4.9,3.82,1.85,3.03
8.21,8.09,7.83,7.72,6.82,6.69,7.84,7.0,6.77,8.38,8.33,7.64,7.62,7.55,7.18,6.83,7.46
5.26,5.05,4.37,4.37,3.51,3.62,5.02,4.55,3.88,5.29,4.96,4.53,4.41,4.72,4.5,3.2,4.07
5.33,5.3,4.79,5.5,4.45,4.39,4.83,4.59,4.21,4.07,4.5,4.58,5.02,5.48,4.9,2.35,4.35
6.65,6.82,6.2,6.46,5.47,5.31,6.88,5.54,5.33,7.45,7.61,6.61,5.99,6.22,5.85,5.94,6.9
6.98,6.91,6.32,6.13,5.7,5.42,6.78,5.9,5.38,7.81,7.4,6.49,6.44,6.33,5.76,6.43,6.39
5.62,5.43,5.09,4.65,4.06,3.85,4.43,4.48,4.28,5.0,5.13,5.21,5.17,5.28,4.35,2.94,3.68
6.44,6.36,6.62,6.0,5.55,5.57,6.19,5.91,5.74,6.67,6.49,5.81,5.78,6.11,5.96,5.49,5.9
9.39,9.23,8.67,9.45,8.52,8.21,9.74,8.37,7.89,10.11,10.38,9.44,8.85,9.53,8.54,9.27,9.75
8.96,9.39,8.06,8.92,7.66,7.23,8.84,8.18,7.3,9.83,10.81,9.52,9.06,8.03,8.59,9.68,10.1
8.37,8.47,7.49,7.83,7.18,6.95,8.39,6.96,6.64,9.57,9.73,8.38,7.7,7.32,7.21,8.18,8.73
7.17,6.85,6.48,7.03,6.07,5.84,6.93,6.32,5.78,7.39,7.71,7.04,6.47,6.71,6.34,5.98,6.72
7.62,7.94,6.86,7.72,6.34,5.99,8.2,6.51,5.96,8.98,9.81,7.88,7.15,7.18,6.88,7.82,8.41
9.01,9.42,8.79,9.17,8.1,7.75,9.48,7.77,7.64,10.4,10.87,9.65,8.94,8.51,8.6,9.13,10.26
6.32,6.25,5.47,5.51,4.45,4.49,6.45,5.53,4.78,7.21,7.35,6.17,5.46,5.58,5.08,5.63,6.06
6.75,6.84,6.64,7.15,6.35,6.1,6.72,6.34,5.5,6.01,6.31,6.28,6.62,7.05,6.76,5.02,5.82
6.52,6.86,5.98,6.07,5.05,5.13,6.44,5.25,5.1,7.42,7.38,6.22,5.5,5.62,5.08,5.83,6.51
6.12,5.68,5.28,4.66,4.08,4.14,4.86,5.27,5.03,6.12,5.74,5.53,5.21,5.31,4.73,3.46,4.01
5.53,5.69,5.14,5.02,4.52,3.91,5.27,4.39,4.1,6.26,6.05,4.9,5.19,4.49,4.49,4.63,5.39
7.32,7.13,6.47,6.3,5.26,5.38,6.5,6.26,5.82,7.6,7.04,6.67,6.25,6.1,5.23,5.3,5.53
7.38,7.6,7.11,7.26,6.53,6.4,7.25,6.71,6.17,8.14,7.93,7.42,7.03,7.03,6.81,6.87,7.06
9.92,10.05,9.57,10.07,9.02,8.66,10.29,8.98,8.79,11.32,11.31,10.26,9.39,9.46,9.56,9.44,10.3
6.14,5.81,5.57,6.08,5.66,4.74,5.73,5.74,5.19,6.09,6.12,5.64,5.8,6.18,5.36,4.91,6.3
6.58,6.77,6.26,6.7,5.79,5.56,6.57,5.9,5.53,7.55,7.91,6.93,6.55,6.8,6.41,6.65,7.51
5.57,5.54,4.86,5.36,4.54,4.36,5.28,4.5,4.03,5.57,6.0,5.07,4.9,5.16,4.86,4.55,5.46
4.27,4.21,3.96,3.76,3.55,3.36,3.61,3.93,3.53,4.62,4.17,4.08,3.87,4.49,4.17,2.88,3.19
10.78,11.06,11.0,11.05,10.7,10.42,10.94,10.54,10.32,11.36,11.59,11.11,10.66,11.22,10.93,10.4,10.83
0.5,0.0,1.29,0.79,0.0,1.16,1.83,0.98,0.0,0.26,1.05,0.5,0.75,0.0,0.0,1.54,1.0
6.19,6.51,5.36,6.03,4.95,4.89,6.01,5.49,4.95,6.63,7.41,6.39,6.27,5.74,5.49,5.43,6.62
2.37,0.79,0.83,1.5,1.44,1.0,2.85,1.64,0.69,2.0,2.77,1.79,1.36,1.5,1.48,2.57,1.52
2.74,2.15,3.18,3.05,2.06,3.02,3.88,3.33,2.82,2.44,3.15,1.85,3.01,2.4,2.94,3.58,1.79
6.62,6.36,5.68,5.77,4.87,5.01,5.89,6.14,5.19,6.19,6.21,6.16,6.05,6.38,5.69,4.35,4.57
4.85,4.61,3.74,4.39,3.38,3.24,4.52,3.97,3.39,5.08,5.09,4.21,4.17,4.23,3.99,3.32,4.5
6.71,6.68,6.51,6.51,5.87,5.85,6.78,6.2,5.81,6.66,6.53,6.28,6.4,6.21,6.36,5.0,5.8
9.65,9.69,9.12,9.51,8.94,8.41,9.49,8.83,8.19,10.73,10.81,9.84,9.24,9.36,9.15,9.36,9.84
5.79,5.87,5.26,5.56,4.74,4.55,6.3,4.87,4.4,6.69,6.85,5.8,5.16,5.0,5.2,5.29,6.51
5.08,5.08,4.7,5.09,4.25,4.01,5.21,4.56,3.94,5.45,5.29,4.96,4.86,5.38,4.62,3.34,4.93
12.34,12.37,12.15,12.44,11.71,11.56,12.9,11.75,11.34,12.89,12.41,11.89,11.86,12.03,11.84,11.43,11.46
7.87,7.74,8.14,8.52,6.93,6.55,7.39,6.97,6.83,7.48,7.84,6.61,6.72,7.61,6.8,6.48,7.94
6.19,5.93,4.96,5.16,4.56,4.35,6.1,5.22,4.65,6.99,6.98,5.88,5.39,5.35,5.19,5.3,6.17
5.19,4.64,4.73,5.27,4.28,4.25,4.77,5.47,5.04,4.4,4.4,4.23,4.69,5.98,4.61,4.07,5.16
3.59,3.7,2.87,3.03,2.25,2.58,2.91,3.16,2.33,4.16,3.27,3.26,3.04,3.4,2.81,2.29,2.68
8.91,9.19,7.29,8.31,6.87,6.54,8.24,7.01,5.95,10.05,11.05,9.35,8.75,6.89,7.8,9.46,10.12
5.89,5.46,4.71,5.33,4.06,3.83,5.47,4.88,3.98,6.1,6.88,5.76,5.72,4.76,4.6,5.33,6.07
0.0,0.5,0.0,2.99,0.0,0.0,0.0,0.0,0.0,0.0,0.79,0.0,0.79,0.0,0.0,0.0,0.0
6.7,6.77,6.1,6.17,5.39,4.6,6.49,5.88,5.26,7.4,7.93,6.58,6.36,5.84,5.56,6.14,7.6
6.97,7.13,6.1,6.81,5.66,5.23,6.9,6.19,5.33,7.57,8.4,7.0,6.92,6.08,6.21,7.27,7.99
4.8,4.39,3.9,4.79,5.48,5.58,5.81,4.77,4.11,4.33,4.24,4.12,4.27,4.6,5.26,4.88,5.57
3.7,3.7,2.98,3.74,3.04,2.29,2.92,3.37,2.61,3.22,3.23,2.92,3.85,4.04,2.94,0.0,2.38
9.11,9.14,7.97,9.11,7.66,7.21,9.2,7.48,6.89,10.77,11.27,9.49,8.75,8.05,8.07,9.41,10.01
7.07,6.8,6.7,6.54,5.94,5.8,6.57,6.3,5.97,6.96,6.79,6.75,6.41,6.84,6.29,5.08,5.49
5.88,5.82,5.29,5.87,6.13,6.25,6.89,6.16,5.66,6.98,6.34,6.27,5.75,5.85,6.52,6.45,6.91
9.1,9.2,9.37,9.98,8.66,8.44,9.49,8.78,8.08,9.2,9.2,8.31,8.62,9.8,9.08,8.44,8.4
7.15,7.24,6.5,6.89,6.33,6.19,7.57,6.21,5.85,8.42,8.6,7.4,6.66,6.52,6.76,6.83,7.92
6.92,6.94,6.47,6.84,6.16,6.04,7.27,6.53,5.85,7.9,8.32,7.21,6.59,7.26,6.63,6.94,7.46
5.6,5.6,5.53,5.8,5.24,4.98,6.03,5.5,4.93,6.13,6.13,5.87,5.78,6.83,5.78,4.42,5.42
8.0,8.07,7.81,7.6,6.55,6.55,7.6,7.5,6.59,6.9,7.1,6.59,7.02,7.91,7.13,5.63,5.64
3.78,3.53,3.13,3.34,2.89,2.34,3.33,3.44,2.57,2.63,2.56,2.18,2.81,4.02,3.06,0.0,0.0
6.33,6.29,6.28,6.52,5.49,5.4,6.61,6.03,5.16,6.07,5.89,5.82,6.06,7.57,6.17,4.04,5.48
10.15,10.61,9.98,10.67,9.88,9.43,10.13,9.04,9.16,11.02,11.11,10.06,10.03,9.8,9.87,9.94,10.55
10.93,11.2,10.51,10.87,10.25,9.79,11.37,9.41,9.22,12.42,12.39,11.35,10.73,9.77,10.14,11.03,11.75
0.0,0.0,0.0,0.93,0.4,0.0,1.95,1.45,0.5,1.93,2.9,1.19,0.25,1.19,0.89,2.8,2.16
11.76,11.6,11.52,12.44,11.59,11.04,11.81,11.09,10.97,13.12,12.69,12.08,11.67,11.86,11.45,11.7,12.31
6.96,7.0,6.97,7.35,6.6,6.42,7.39,6.96,6.35,7.33,7.45,7.26,7.05,7.72,7.23,6.25,7.0
4.94,4.89,4.39,4.75,4.18,4.18,5.44,4.59,3.99,5.79,6.05,4.9,4.42,4.8,4.51,4.05,5.2
3.76,3.74,3.3,3.7,2.94,3.04,3.8,3.67,2.65,4.29,4.24,3.49,3.63,4.22,3.15,1.5,3.88
5.68,5.12,3.71,4.43,3.6,3.47,5.47,4.16,3.11,6.14,6.62,4.69,4.73,3.73,3.4,4.8,5.86
7.16,7.07,6.95,7.92,6.47,6.16,7.3,6.59,6.05,7.43,7.97,7.03,7.19,7.7,6.63,6.12,7.61
1.79,0.0,0.75,1.29,0.0,0.0,1.66,1.56,1.0,1.48,2.48,1.0,0.5,0.6,1.32,2.52,1.92
7.89,7.78,7.68,8.08,6.93,6.69,7.96,7.46,6.56,7.65,7.77,7.48,7.51,8.07,7.48,6.43,6.99
5.74,5.7,5.07,5.14,4.66,4.79,5.48,4.98,4.64,5.99,5.56,5.32,5.48,4.93,4.92,4.33,5.15
7.67,7.42,6.66,6.94,6.12,5.82,7.66,6.03,5.76,8.47,8.97,7.7,7.12,6.62,6.27,6.91,8.33
8.35,8.7,7.49,8.37,7.35,6.75,9.08,6.8,6.41,10.23,10.43,8.87,7.89,7.45,7.61,8.45,9.72
4.93,4.8,4.54,4.74,4.32,3.97,5.1,4.64,4.2,5.1,5.11,4.67,4.48,4.25,3.96,3.36,4.34
5.68,5.65,5.12,5.32,4.63,4.44,5.63,4.94,4.2,6.7,7.14,5.91,5.29,5.56,5.42,5.63,6.32
6.2,6.05,5.57,5.63,5.0,4.87,5.95,5.5,5.04,6.37,6.33,5.93,6.15,6.08,4.95,3.44,4.99
6.16,6.33,6.19,7.26,6.3,5.4,6.39,6.17,5.62,6.1,6.76,6.41,6.65,6.9,6.21,5.75,6.49
10.95,10.89,10.81,11.78,10.65,10.07,10.68,9.98,9.99,11.51,11.17,10.72,10.49,11.12,10.57,10.36,11.27
13.8,13.77,14.1,13.98,13.6,13.24,13.83,13.43,13.08,13.93,13.52,13.4,13.88,13.65,13.54,13.35,13.0
5.89,5.9,5.39,5.69,5.06,4.86,6.07,5.75,4.93,6.89,6.75,5.72,5.33,5.79,5.41,4.78,6.08
9.65,9.7,9.2,9.96,8.76,8.46,9.75,8.79,8.23,10.52,10.71,9.55,8.95,9.25,9.12,8.93,9.69
6.93,6.79,5.98,6.27,5.62,5.25,6.78,5.41,5.09,7.72,7.76,6.8,6.41,5.62,5.75,6.11,7.68
7.16,7.51,6.86,7.79,6.54,6.1,7.07,5.99,6.07,7.74,8.25,7.17,7.06,6.74,6.77,7.01,8.0
14.13,13.83,13.9,13.78,13.56,13.54,13.93,13.93,13.63,14.24,13.95,13.79,13.82,13.81,13.49,13.48,13.33
5.56,5.3,4.75,5.26,4.53,4.45,5.6,5.22,4.43,5.49,5.57,5.13,5.06,5.78,5.34,3.63,4.36
7.08,7.25,7.06,7.45,6.86,6.41,7.14,6.57,6.26,7.66,7.89,7.22,6.69,7.49,6.98,6.39,7.02
8.36,8.6,8.53,8.71,7.95,7.71,8.64,7.91,7.54,8.55,8.86,8.37,8.2,8.95,8.44,7.09,8.04
9.03,9.2,8.72,9.53,8.48,8.08,9.67,8.2,7.78,10.63,10.61,9.37,8.51,8.69,8.78,8.78,9.6
6.3,6.32,5.59,5.6,4.89,4.84,6.0,5.45,5.0,6.35,6.2,5.85,5.71,5.46,5.12,4.67,5.26
6.45,6.66,6.23,6.76,5.77,5.62,6.41,5.79,5.48,6.94,7.6,6.56,6.2,6.64,6.23,6.38,7.27
4.3,4.42,4.17,4.19,3.2,3.22,3.96,3.86,3.57,4.93,5.09,4.44,4.53,4.24,4.04,3.04,4.83
4.97,4.89,4.27,4.4,3.58,3.42,4.99,4.29,3.64,5.59,5.52,4.8,4.57,4.32,4.39,4.17,4.66
7.06,7.15,6.15,6.5,5.41,5.09,6.79,5.29,5.01,8.23,8.34,6.68,6.15,6.15,5.89,6.48,7.56
7.59,7.8,6.95,7.77,6.64,6.48,7.46,6.88,6.2,8.81,8.43,7.59,7.25,6.99,6.83,7.52,7.81
5.96,6.13,5.98,5.99,5.63,4.88,5.87,5.64,5.17,6.62,6.29,5.83,6.06,6.05,5.83,5.64,5.88
5.38,5.08,5.13,5.42,4.17,5.03,5.05,5.12,4.85,5.67,5.36,4.85,5.1,5.24,5.01,4.1,5.34
7.74,7.74,6.85,7.59,6.78,6.39,7.8,6.77,5.97,9.13,9.75,8.18,7.46,7.14,6.67,7.68,8.71
6.86,6.7,5.33,5.67,4.6,4.33,5.9,5.12,4.07,7.29,8.02,6.57,6.39,4.47,5.14,6.56,6.93
6.82,7.03,6.65,7.69,6.35,5.85,6.76,6.13,5.96,7.0,7.64,6.46,6.51,6.56,6.11,5.98,7.04
7.05,6.86,6.73,6.93,5.94,5.73,6.89,6.46,5.8,6.98,6.94,6.69,6.38,6.52,6.3,5.67,6.02
5.42,5.81,5.31,5.54,4.62,4.24,5.65,4.68,4.56,6.22,6.41,5.54,5.06,5.42,5.06,4.86,5.99
5.32,5.12,4.81,4.35,3.97,3.89,4.53,4.87,4.02,5.22,5.06,4.84,4.54,4.79,4.64,2.57,2.91
6.21,6.43,6.14,6.41,5.78,5.38,6.08,5.43,5.01,6.44,6.65,5.97,5.93,6.3,5.96,5.54,6.29
6.76,6.78,5.96,6.61,5.8,5.54,6.94,5.84,4.86,7.94,7.99,6.78,6.33,6.22,5.62,6.75,7.6
4.76,4.37,3.22,3.98,3.78,3.41,4.33,3.76,3.14,4.7,4.29,3.62,3.63,3.1,3.4,0.0,4.65
10.29,10.21,9.95,10.43,9.42,9.31,10.13,9.49,8.97,11.05,11.06,10.27,10.14,10.34,9.8,9.58,10.13
9.74,9.94,9.69,10.03,9.65,9.26,9.84,9.1,8.87,10.63,11.01,10.25,9.76,9.91,9.65,9.98,10.55
6.19,6.28,5.84,5.87,5.29,5.31,6.15,5.67,5.2,6.54,6.36,6.12,5.9,6.38,5.87,5.43,6.09
12.41,12.41,12.41,12.67,12.35,12.04,12.41,11.98,11.89,13.08,12.67,12.39,12.32,12.49,12.29,12.22,12.22
6.41,6.2,6.07,6.25,5.76,5.93,6.44,6.45,6.21,6.8,6.48,6.55,6.26,6.27,6.06,6.4,6.3
11.64,11.39,11.18,11.23,10.72,10.91,12.29,12.32,11.01,12.34,12.5,12.3,11.85,12.57,11.73,11.12,11.29
4.4,4.6,4.55,5.24,4.38,3.58,4.08,4.25,3.8,4.56,4.47,4.45,4.58,5.27,4.3,3.17,4.53
5.86,5.69,5.71,5.37,4.88,4.57,5.69,5.44,4.71,5.68,5.61,5.48,5.51,5.82,5.43,4.1,4.66
7.98,7.79,7.12,7.46,6.55,6.31,7.48,6.79,6.36,8.3,8.39,7.55,6.99,7.5,7.02,6.98,7.58
5.11,4.94,4.17,4.36,3.78,3.11,5.03,4.05,3.33,5.51,5.36,4.64,4.47,4.22,3.71,3.56,4.87
8.48,8.53,8.19,9.08,7.81,7.42,8.06,7.58,7.23,7.91,8.82,7.91,8.38,9.16,8.31,7.72,8.57
7.9,8.29,6.97,7.29,6.35,5.68,7.8,7.04,6.95,9.22,10.62,8.74,8.11,6.81,7.37,8.6,9.35
5.18,5.08,4.39,4.56,4.25,4.02,5.55,4.37,4.53,6.22,6.52,5.24,4.71,4.41,4.5,4.22,5.85
8.12,8.17,7.34,7.87,6.78,6.46,8.43,6.39,6.19,9.89,10.34,8.58,7.74,7.28,7.47,8.17,9.42
6.83,6.55,6.02,6.78,5.8,5.67,7.16,6.33,5.7,8.1,8.18,7.08,6.22,6.44,6.15,6.64,6.93
4.63,4.37,4.13,2.61,2.81,3.13,4.16,4.41,3.78,4.6,4.14,4.27,4.02,4.53,3.01,1.58,2.71
4.23,4.22,3.87,4.03,3.26,3.22,4.28,4.24,3.61,4.1,4.06,3.56,3.93,4.71,4.15,2.08,2.65
3.96,4.01,3.56,3.7,3.24,3.02,3.96,3.71,3.16,3.92,3.49,3.82,3.72,4.56,3.81,1.79,3.12
7.37,7.8,6.72,6.88,6.55,6.15,6.91,5.82,5.67,8.23,8.56,7.23,6.96,5.85,6.52,7.7,8.31
6.75,6.59,6.32,6.42,5.59,5.37,6.1,5.73,5.58,6.22,6.38,6.4,6.31,6.05,5.89,5.15,5.73
5.88,6.53,5.46,6.03,5.18,5.03,6.28,5.33,4.72,6.84,7.22,6.12,5.07,5.66,5.59,5.99,7.03
4.12,3.94,3.53,3.77,3.27,3.17,3.77,3.62,3.08,3.87,3.58,3.71,3.71,4.57,3.65,2.56,3.26
4.92,5.01,3.95,4.2,3.04,3.52,5.18,4.34,3.34,5.38,5.11,4.26,4.1,4.41,3.38,3.25,3.96
7.08,6.78,5.73,6.54,5.74,5.79,7.1,6.32,5.25,7.42,8.04,7.01,6.27,6.23,6.15,7.0,7.1
8.09,8.18,6.95,7.86,6.96,6.41,8.15,6.72,5.84,9.89,10.18,8.6,7.77,6.91,6.64,8.4,9.31
10.2,10.26,9.82,10.5,9.61,9.17,10.53,9.51,8.93,11.43,11.5,10.46,9.62,10.22,9.91,9.79,10.54
5.88,5.67,5.1,5.58,5.05,4.94,5.82,5.43,4.48,6.04,6.26,5.58,5.14,5.2,4.77,4.69,5.7
5.54,4.71,3.61,3.84,3.35,3.41,4.84,4.12,3.61,6.57,5.94,4.6,4.43,3.86,3.98,4.89,5.81
5.83,5.78,5.47,5.91,5.26,5.38,5.93,5.2,4.39,5.7,6.06,5.38,5.41,6.38,5.68,5.33,5.99
6.01,5.75,5.48,5.35,4.83,5.21,5.9,5.87,5.23,6.17,5.78,5.99,5.73,6.06,5.45,5.44,5.92
5.24,5.23,4.78,5.11,4.34,4.18,5.0,4.86,4.22,5.29,5.13,5.07,5.05,5.3,4.86,2.59,4.99
7.13,7.37,7.04,7.5,6.61,6.4,7.26,6.53,6.09,7.71,8.25,7.45,7.04,7.48,6.97,6.67,7.66
4.82,5.3,4.55,5.01,4.31,4.12,5.68,4.13,4.0,6.89,7.49,5.82,5.05,5.05,4.55,5.77,7.11
6.83,7.17,6.05,6.71,5.96,5.66,7.34,5.96,5.7,8.18,8.22,6.95,6.36,5.67,5.61,6.71,7.5
6.21,5.83,5.03,5.04,4.65,4.75,5.58,5.54,4.65,5.49,5.85,5.67,5.63,5.38,5.32,4.02,5.0
11.65,11.66,10.85,11.15,10.44,10.98,11.42,11.39,11.74,12.28,12.24,12.12,11.19,11.82,11.19,11.23,11.44
7.6,7.47,7.12,6.98,5.67,5.82,7.06,6.74,6.55,8.33,7.9,7.56,7.14,7.18,6.28,6.26,6.6
6.71,6.66,6.64,7.19,6.23,5.98,6.55,5.98,5.65,6.94,7.12,6.52,6.84,6.75,6.69,6.47,7.47
6.16,6.03,5.81,5.37,3.98,4.05,4.81,4.86,5.07,6.13,6.34,6.14,5.99,6.08,4.67,4.43,4.77
6.44,6.47,6.33,6.9,5.95,5.64,6.72,6.56,5.6,6.43,6.25,6.43,6.45,7.2,6.29,5.3,5.57
5.4,5.21,5.11,5.21,4.76,4.87,5.31,5.1,4.38,4.94,4.76,4.76,5.06,5.96,5.24,3.61,3.66
5.37,5.29,4.64,4.79,4.47,4.07,5.24,4.43,4.07,5.91,5.16,4.81,4.9,4.27,4.5,3.9,5.49
4.72,4.59,4.57,4.47,3.91,3.96,4.71,4.51,3.76,4.86,4.37,4.41,4.51,4.94,4.62,2.48,3.59
3.8,3.65,1.6,2.71,3.04,3.25,4.33,3.04,2.1,4.48,3.81,2.65,3.0,1.6,3.58,3.98,4.9
6.42,6.22,5.76,5.1,4.31,4.14,5.03,5.25,5.17,6.62,6.44,6.09,5.61,5.54,4.57,3.51,4.44
8.46,8.36,8.61,9.19,7.88,7.73,9.12,8.4,7.61,8.54,8.83,8.14,8.15,9.58,8.86,7.23,7.83
5.54,5.41,4.99,4.78,4.05,3.9,4.81,4.78,5.47,5.61,5.49,5.16,4.64,5.05,4.57,3.11,3.26
8.95,9.0,8.81,9.18,8.56,8.07,8.99,8.24,8.02,9.22,9.54,8.58,8.66,8.86,8.51,8.31,8.56
7.69,7.55,7.36,8.76,8.33,8.73,8.87,8.86,7.99,7.94,7.53,7.47,7.39,7.65,8.96,9.13,8.85
8.37,8.19,7.89,8.18,7.15,7.1,8.21,7.56,7.17,8.38,8.66,8.03,7.85,8.26,7.68,7.55,7.91
6.2,6.1,5.34,6.28,5.84,6.0,7.21,6.94,5.64,6.44,6.62,6.1,6.02,5.44,6.59,6.84,6.65
4.68,4.65,4.01,5.85,4.89,4.64,5.53,5.44,4.54,5.65,5.48,4.75,4.38,4.72,5.08,4.62,4.91
6.01,5.87,5.11,5.23,4.53,4.49,6.04,4.97,4.58,6.59,6.17,5.68,5.36,5.27,4.84,4.59,5.42
6.0,5.97,5.97,7.15,6.02,6.04,6.74,6.44,5.89,6.49,6.38,6.17,6.0,6.61,6.49,5.45,5.77
7.44,7.64,7.44,7.53,6.83,6.37,7.5,6.55,6.5,8.14,8.33,7.2,6.94,7.16,6.65,7.0,7.5
9.3,9.65,9.04,9.81,8.71,8.26,9.31,8.22,8.34,10.58,10.8,9.56,9.44,9.22,8.92,9.71,10.01
12.35,12.66,12.48,12.77,12.3,11.97,12.49,11.88,11.63,12.69,12.59,12.21,12.03,12.08,12.32,11.82,11.99
5.49,5.7,5.3,5.55,4.89,4.67,5.51,5.13,4.65,5.74,5.61,5.49,4.72,5.94,5.22,3.84,4.79
7.86,8.02,7.29,7.74,6.86,6.64,7.63,6.71,6.45,8.59,8.98,7.9,7.38,7.41,7.1,7.74,8.55
3.99,3.86,2.68,3.01,3.11,2.5,3.54,3.27,3.11,2.61,2.42,3.2,3.15,3.95,2.71,3.11,2.48
7.87,8.19,7.02,7.69,6.58,6.47,8.27,7.0,6.42,9.62,10.12,8.31,7.25,7.36,7.14,8.03,8.61
4.24,4.22,3.44,3.72,3.26,3.08,3.59,3.51,3.16,4.17,3.82,3.82,3.71,4.17,3.28,1.29,2.8
10.71,10.85,10.61,11.21,10.28,9.83,10.78,9.82,10.05,11.8,11.61,10.53,11.13,10.88,10.9,10.77,11.23
10.36,10.35,10.06,11.21,10.09,9.66,10.86,9.86,9.52,11.35,11.3,10.55,10.07,11.01,10.26,9.76,10.21
5.23,4.91,4.12,4.75,3.76,3.44,5.02,4.23,3.86,5.77,6.01,4.95,4.7,4.56,4.37,3.19,5.46
3.73,3.41,2.77,2.88,2.87,2.71,3.65,4.01,3.25,3.54,3.41,3.66,3.51,3.92,3.31,2.82,2.63
5.05,4.81,4.22,4.05,3.13,3.32,4.31,4.2,3.94,5.22,4.62,4.82,4.86,4.39,3.91,1.9,3.73
3.72,3.55,3.06,3.15,2.67,2.46,3.05,3.07,2.43,3.4,3.72,3.26,3.14,3.56,2.84,2.01,3.43
6.94,6.88,6.12,6.6,5.81,5.48,7.14,5.86,5.3,8.44,9.22,7.63,6.51,6.07,6.11,7.31,8.11
7.93,7.74,7.26,7.36,5.67,6.48,7.42,7.36,6.68,8.26,8.09,7.68,7.06,6.99,6.79,6.26,6.59
10.47,10.48,10.16,10.77,9.72,9.53,10.39,9.82,9.14,11.13,11.01,10.22,10.04,10.08,9.91,10.2,10.3
7.35,7.61,6.99,7.56,6.7,6.39,7.58,6.36,5.97,8.15,8.44,7.32,6.88,7.52,6.69,7.04,8.06
6.44,6.32,6.25,6.77,5.84,5.56,6.68,6.07,5.51,6.2,6.22,6.2,6.16,6.85,6.31,4.44,5.65
8.95,8.77,8.34,7.81,7.43,7.82,8.35,8.79,8.82,8.23,8.49,8.24,8.3,9.12,8.38,7.14,7.36
7.69,7.82,7.4,8.06,7.37,6.99,8.08,7.05,6.69,9.1,9.15,7.9,7.3,8.09,7.56,7.54,8.2
4.17,4.09,3.83,4.21,3.6,3.34,4.25,3.75,2.98,4.13,4.18,3.95,3.9,4.4,3.86,2.45,3.77
14.48,14.16,14.19,14.45,14.19,14.07,14.58,14.27,13.73,14.08,13.86,13.66,14.31,14.5,14.14,13.34,13.34
9.01,9.15,8.41,8.84,7.95,7.77,8.48,7.95,7.82,9.55,9.91,9.09,8.59,8.74,8.2,8.51,8.97
5.93,6.05,5.69,5.97,5.35,5.21,5.8,5.54,4.97,6.03,6.18,5.83,5.8,5.87,5.75,5.31,6.02
7.13,6.66,5.93,6.66,6.15,5.76,6.28,5.58,6.08,7.96,7.71,7.14,6.44,6.31,6.61,6.91,7.98
8.76,9.0,8.42,8.98,7.99,7.66,8.9,7.96,7.49,10.19,10.53,9.41,8.45,8.65,8.6,8.62,9.52
5.71,5.67,4.65,5.07,4.48,4.04,5.68,4.56,4.3,6.61,6.8,5.42,4.92,4.66,4.67,4.83,6.03
8.1,8.16,8.07,8.63,7.82,7.45,7.78,7.48,6.87,7.63,8.19,7.62,7.75,8.73,8.04,7.48,7.7
4.42,4.26,3.58,4.7,4.21,4.1,3.9,3.85,3.51,3.68,3.9,3.99,4.25,4.62,4.26,2.9,3.74
5.56,5.63,5.27,5.53,4.79,4.54,5.42,4.84,4.33,5.79,6.17,5.36,5.19,5.56,5.07,5.18,5.84
3.34,3.29,2.73,2.74,2.77,1.91,2.95,3.0,2.35,2.74,1.32,3.05,3.12,3.82,2.67,0.0,2.2
5.32,5.38,4.84,5.02,4.41,4.17,4.93,4.48,4.3,5.5,5.76,5.32,5.0,5.23,4.49,4.24,5.08
7.93,7.66,7.59,7.52,6.87,6.32,7.36,7.4,7.1,6.63,6.65,6.71,6.11,7.22,8.28,4.48,6.57
4.91,5.05,4.56,5.09,4.4,4.26,4.67,4.38,3.91,4.83,5.0,4.77,4.97,4.64,5.51,4.48,4.77
12.09,11.88,11.54,11.96,11.51,11.12,12.98,11.49,10.91,13.5,12.78,12.45,11.55,11.23,11.72,11.76,11.96
4.2,4.08,4.03,4.14,4.54,4.76,5.93,5.66,5.07,5.91,5.77,5.41,5.24,5.68,4.49,3.69,4.56
8.01,8.02,7.53,6.88,7.21,7.74,8.21,8.33,8.31,8.72,8.68,8.67,7.98,8.02,7.41,7.7,7.92
6.02,6.2,5.32,6.09,5.4,5.27,6.42,5.59,5.42,7.15,7.77,6.57,6.03,5.83,4.92,5.61,7.39
3.89,3.93,3.06,4.99,4.69,5.05,6.12,5.44,4.72,5.92,5.11,4.07,3.89,3.7,3.7,2.29,4.12
5.94,5.81,5.14,5.68,5.01,4.55,5.52,4.73,4.74,6.43,6.58,5.54,5.42,4.92,5.29,4.68,5.45
8.39,8.7,8.29,8.99,8.22,7.65,8.43,7.6,7.23,9.15,9.87,8.83,8.26,8.48,8.47,8.62,9.34
12.32,12.31,11.77,12.65,12.24,11.43,12.58,12.13,11.66,13.28,13.48,12.75,12.04,12.34,10.85,12.19,12.1
5.42,5.56,4.98,5.31,4.75,4.87,6.05,4.97,4.47,6.66,6.87,5.95,5.27,5.37,5.19,5.94,6.88
10.54,10.73,10.33,10.89,10.16,9.84,10.42,9.74,9.51,11.04,11.32,10.54,10.18,10.62,10.3,10.37,10.76
4.03,3.72,2.64,2.61,2.8,3.11,4.19,3.64,2.63,3.72,3.41,3.37,3.25,3.43,3.21,0.0,4.49
7.3,7.8,6.82,7.73,6.61,6.13,7.47,6.18,6.09,8.2,8.56,7.37,7.41,6.97,6.44,7.2,8.2
5.33,5.34,4.61,5.15,4.68,4.94,6.18,5.86,4.88,5.84,5.94,4.94,5.12,4.84,4.86,4.38,4.36
6.26,6.26,4.77,5.55,4.42,4.72,5.97,5.6,4.73,6.4,6.61,5.79,5.65,4.34,4.76,5.37,5.6
14.61,14.42,14.37,14.3,14.16,13.87,14.42,14.63,14.62,13.96,14.09,13.74,14.52,14.63,14.35,13.73,13.69
5.46,5.41,4.9,5.09,4.8,4.72,5.4,4.89,4.47,5.54,5.59,5.41,5.15,4.99,5.31,4.39,5.29
9.59,9.67,8.55,9.11,7.96,7.65,9.65,8.55,7.66,10.33,11.0,9.47,9.14,8.51,8.57,9.3,9.58
9.57,9.4,9.23,9.82,8.6,8.32,9.43,8.56,7.86,10.41,10.71,9.46,9.14,9.59,8.98,9.17,9.8
4.17,4.23,3.51,3.77,3.15,3.54,4.27,4.05,3.41,4.67,3.78,3.43,3.28,3.66,2.94,0.5,2.86
11.6,11.9,11.73,11.97,11.36,11.01,11.86,10.88,10.84,12.72,12.47,12.02,11.51,11.45,11.63,11.44,11.98
7.42,8.03,6.98,7.49,6.76,6.39,7.61,6.26,5.88,8.8,9.23,7.96,7.03,7.57,6.92,7.62,8.7
7.24,7.59,7.33,8.46,7.43,6.8,7.3,6.59,6.55,7.79,8.07,7.21,7.15,8.08,7.49,6.89,7.99
6.82,6.44,5.87,5.8,5.1,5.37,5.93,6.01,5.72,5.47,5.96,5.74,5.85,6.14,5.55,4.74,5.18
7.7,7.86,6.48,7.2,6.21,5.86,7.43,6.46,5.43,8.46,9.48,7.68,7.27,6.5,6.54,7.88,8.26
5.7,5.43,4.78,5.69,4.52,4.48,6.29,5.46,4.65,6.76,6.36,5.35,5.52,5.67,4.65,5.06,5.77
5.74,5.23,5.25,5.98,4.7,4.83,5.86,5.67,5.09,6.35,6.09,5.67,6.15,6.03,5.06,4.29,4.81
5.29,5.28,5.54,6.29,5.12,4.71,5.26,5.56,4.86,5.99,5.57,5.19,5.31,5.7,5.37,4.8,5.67
6.37,6.44,6.14,6.83,6.07,5.78,6.14,5.58,5.61,6.47,6.66,6.4,6.31,6.17,5.99,5.72,6.79
4.6,4.57,4.01,4.0,3.45,3.26,4.2,4.32,3.55,4.29,4.51,4.26,3.9,4.33,3.96,2.45,3.79
5.77,5.91,5.69,5.83,5.19,4.62,5.58,5.09,4.64,5.47,5.59,5.39,5.79,5.61,5.28,2.9,4.8
5.04,5.04,4.57,5.55,4.77,5.49,6.13,5.83,4.94,6.31,5.96,5.39,5.45,6.21,4.99,4.47,5.12
3.72,3.99,3.58,3.55,3.33,4.02,4.26,4.68,3.55,3.62,3.53,3.33,3.89,4.15,2.86,0.79,2.03
5.06,4.6,3.88,4.27,3.65,3.65,5.23,4.69,3.87,5.16,5.06,4.24,4.58,4.4,3.79,3.57,3.92
12.41,12.36,12.29,12.19,12.01,11.78,12.35,12.05,11.66,13.17,12.74,12.32,12.11,11.96,11.97,11.85,11.84
4.81,4.76,4.51,4.99,4.88,4.85,5.26,5.28,4.37,5.08,4.8,4.36,4.22,4.99,4.45,2.97,4.01
4.09,4.3,4.13,5.17,4.09,4.73,5.7,5.72,4.83,5.14,4.22,3.56,3.73,4.63,4.2,3.63,2.88
13.29,13.27,13.18,12.86,12.43,12.34,13.43,13.13,12.98,11.88,11.74,11.19,11.54,12.55,12.25,11.16,11.28
6.81,7.2,6.16,7.12,6.0,5.48,6.89,6.39,5.93,7.58,8.48,7.16,6.73,7.02,6.85,6.89,7.89
5.98,5.91,4.79,5.73,4.77,4.45,6.2,4.6,3.86,7.56,8.48,6.79,5.76,4.87,4.52,6.02,7.7
9.1,8.77,8.21,8.39,7.59,7.47,9.12,7.81,7.36,10.27,10.33,9.42,8.47,8.24,8.33,8.57,9.66
5.42,5.23,4.66,4.92,4.03,3.85,4.84,4.58,4.11,5.67,6.12,5.33,4.9,5.37,4.44,3.11,5.58
5.98,6.0,5.5,5.63,4.98,4.85,5.99,5.2,5.16,6.53,6.63,5.68,5.82,5.2,5.3,4.95,6.05
5.48,5.34,4.14,4.84,4.1,3.67,6.16,4.26,3.96,6.71,6.89,5.43,5.33,4.34,4.2,5.14,6.72
5.23,5.1,4.69,4.67,4.17,4.31,5.01,5.13,4.03,5.4,5.39,5.1,5.04,5.46,4.89,3.79,4.69
5.15,4.75,3.83,4.32,3.27,3.28,4.72,4.1,3.22,5.26,5.54,4.48,4.31,3.97,4.02,3.53,4.7
9.47,9.11,8.63,8.97,8.12,8.37,9.26,8.78,8.04,9.57,9.43,8.84,8.78,8.26,8.39,8.42,8.76
7.96,8.22,7.49,8.22,6.91,6.53,8.38,7.45,6.78,9.08,9.88,8.33,7.34,7.73,7.23,7.81,8.23
8.45,8.58,7.99,8.83,7.91,7.63,8.97,7.8,7.44,9.95,9.82,8.84,8.13,8.94,8.03,8.42,8.87
3.72,3.81,3.32,3.78,3.31,3.26,4.0,3.98,2.65,3.81,3.53,3.32,3.1,4.06,4.0,2.5,3.18
6.44,6.53,5.32,5.84,5.03,4.82,5.85,4.88,4.58,6.9,7.22,5.93,5.47,5.39,4.98,5.49,6.67
9.98,9.76,9.74,10.27,9.17,9.21,10.5,10.09,9.28,10.58,11.08,10.36,9.96,11.09,9.91,8.77,9.64
6.17,6.41,5.78,5.95,5.3,5.08,6.41,5.44,4.94,7.16,7.58,6.24,5.7,5.75,5.75,5.95,7.19
10.62,10.86,10.19,10.9,10.2,9.07,10.15,9.42,9.19,11.2,12.29,10.65,10.46,10.64,9.84,10.64,11.0
8.6,8.89,8.32,9.24,7.77,7.12,8.46,7.48,6.94,9.18,9.89,8.88,8.68,8.41,8.29,8.53,9.58
6.68,6.79,6.21,6.48,5.92,5.63,6.87,5.63,5.29,7.49,7.95,6.84,6.26,5.73,6.11,6.24,7.55
11.16,10.94,10.62,11.24,10.53,10.16,11.34,10.41,10.08,11.85,11.65,11.05,10.43,10.95,10.61,10.4,10.82
6.22,6.04,5.57,5.54,4.88,4.82,6.39,5.89,5.14,6.84,7.02,6.18,5.78,6.22,5.5,5.34,5.68
8.22,8.16,7.0,7.75,6.64,6.6,8.38,6.69,5.77,9.62,9.75,8.12,7.22,6.53,6.87,7.83,8.73
10.49,10.58,10.27,10.51,9.88,9.18,10.13,9.05,9.73,11.43,11.09,10.43,10.64,11.17,10.82,7.36,11.22
5.63,5.32,4.82,4.99,4.19,4.17,5.64,5.36,4.64,6.07,5.79,5.35,5.02,5.36,5.1,3.84,5.05
4.79,4.62,4.16,4.79,3.8,3.08,4.3,4.49,4.41,6.54,5.62,5.76,5.1,5.2,4.32,4.07,5.22
9.96,10.17,10.14,10.88,9.97,9.37,10.45,9.57,9.12,11.18,11.52,10.79,10.09,10.88,10.59,9.75,10.46
3.98,3.77,2.87,3.86,3.65,2.8,3.37,3.69,3.27,4.98,5.05,4.93,3.86,4.3,4.18,4.29,4.92
6.3,6.3,5.91,6.24,5.08,5.16,6.05,5.79,5.57,6.7,6.65,6.23,6.06,6.12,5.64,5.13,5.78
5.08,4.91,4.49,3.87,3.3,3.3,4.42,4.55,4.05,4.99,4.55,4.72,4.68,4.93,4.19,0.0,3.41
3.18,3.02,2.05,2.93,2.22,2.09,2.44,2.83,2.3,2.64,2.33,2.22,2.38,3.01,2.61,1.29,2.02
8.33,7.98,7.96,7.57,6.57,6.7,7.55,7.06,6.99,8.65,8.27,7.63,7.54,6.94,7.12,7.4,7.57
9.82,9.74,9.41,9.42,8.05,8.04,9.41,9.08,8.82,10.47,10.26,9.76,9.07,9.05,8.59,8.39,8.69
7.95,8.42,8.08,8.32,7.77,7.45,7.98,7.48,7.14,8.69,8.75,8.11,7.81,8.65,7.92,7.78,8.21
6.7,6.45,5.6,5.74,4.64,4.75,6.2,5.41,5.0,7.39,6.89,6.17,5.87,5.49,5.03,5.49,6.1
10.08,10.28,9.26,9.83,9.2,8.97,10.18,8.99,8.37,11.57,11.31,10.28,9.84,9.72,9.27,10.11,10.47
3.02,2.93,1.98,3.1,2.17,2.44,3.56,2.2,1.46,3.51,3.42,2.49,2.5,2.17,2.35,2.73,4.47
12.74,12.6,12.54,12.75,12.42,12.18,13.68,12.6,12.06,13.96,13.59,13.01,12.5,12.43,12.51,12.41,12.64
11.56,11.8,11.5,11.76,11.3,10.93,12.38,11.1,10.99,12.98,12.71,11.86,11.31,11.22,11.49,11.44,11.87
5.48,5.4,4.68,4.96,4.29,4.27,5.95,4.48,3.98,6.65,6.57,5.44,4.83,4.67,4.68,5.11,6.51
6.23,6.07,5.36,5.97,5.23,5.55,5.67,5.76,5.84,6.36,6.28,6.19,5.41,6.53,5.75,5.75,5.48
6.6,6.57,6.16,6.38,5.79,5.45,6.58,5.61,5.31,6.9,7.06,6.29,6.19,5.83,5.81,5.53,6.43
5.88,5.6,6.1,5.52,4.99,4.73,5.47,5.79,5.67,5.14,5.17,4.78,5.26,5.92,5.03,3.58,5.36
7.38,7.7,7.13,7.74,7.05,6.76,8.23,6.57,6.28,9.61,9.7,8.08,7.41,7.52,7.47,7.93,8.69
4.56,4.57,4.04,4.26,3.64,3.43,4.41,3.8,3.38,5.08,5.13,4.6,4.31,4.75,3.97,2.97,4.86
3.6,3.37,1.45,2.89,2.36,1.96,3.28,2.59,1.66,3.81,3.71,2.99,2.52,3.01,2.93,0.0,2.73
4.12,4.06,2.67,3.23,2.5,2.47,3.35,2.35,2.08,4.57,4.85,3.65,3.18,3.29,2.74,3.27,5.01
5.04,4.95,4.6,4.88,4.37,4.29,4.75,4.48,3.89,4.55,4.77,4.53,4.8,4.64,4.75,3.31,4.68
8.96,9.18,8.35,9.0,8.13,7.52,9.76,7.87,7.15,11.61,11.79,10.05,9.05,8.46,8.75,10.08,10.56
10.32,10.31,9.97,10.71,10.33,8.77,10.2,9.48,9.18,10.66,11.54,10.23,10.92,10.42,9.64,10.24,11.33
4.85,4.57,3.61,3.83,3.23,2.56,3.25,3.98,3.37,4.9,4.86,4.42,4.35,4.47,3.7,0.0,4.33
7.2,7.04,6.8,6.84,5.71,5.49,6.59,6.33,5.75,7.2,7.2,6.72,6.63,7.38,6.38,5.14,5.8
8.26,8.02,7.91,8.65,7.58,7.31,8.25,7.76,6.91,8.07,8.4,7.92,7.72,9.19,8.23,6.48,7.4
5.49,5.37,5.1,5.29,4.7,4.61,5.62,4.85,4.16,6.1,6.21,5.61,5.36,5.84,5.11,4.76,6.35
5.21,5.18,4.52,5.1,4.73,4.52,5.3,4.52,4.05,5.59,5.72,5.06,5.22,5.11,5.11,4.77,5.99
7.14,7.5,6.86,7.83,6.72,6.31,7.24,6.27,6.19,7.84,8.55,7.52,7.44,6.65,7.07,7.8,8.74
6.7,6.87,5.84,5.96,5.1,4.76,6.68,6.21,5.96,7.68,8.99,7.22,6.74,5.97,5.92,7.08,8.14
7.72,8.12,7.4,8.2,7.32,6.92,8.41,6.69,6.48,9.82,10.18,8.57,7.77,7.66,7.55,8.67,9.51
9.27,8.93,9.0,9.15,7.67,7.78,8.96,8.82,7.76,8.84,9.06,8.61,8.87,9.69,8.58,7.36,7.76
6.53,6.53,6.03,5.61,4.7,4.89,5.97,5.5,5.48,7.1,6.89,6.52,6.03,5.8,5.21,5.35,6.04
5.21,5.26,4.63,4.48,4.6,4.66,5.28,4.68,4.2,5.6,5.11,4.73,4.56,4.66,4.79,4.37,4.95
6.59,6.23,6.15,5.59,5.31,5.47,5.9,6.83,6.02,7.04,6.72,6.7,5.67,6.0,5.72,6.85,6.56
4.62,4.65,4.35,4.65,4.22,4.05,4.68,4.28,3.58,5.01,4.87,4.47,4.18,5.15,4.39,3.7,4.41
3.74,3.64,2.07,3.38,2.8,2.66,3.9,3.26,2.33,3.78,3.24,2.91,2.65,3.18,2.8,1.0,2.25
9.47,9.6,9.21,9.97,9.28,8.83,9.26,8.92,8.53,9.93,10.18,9.55,9.37,10.14,9.43,9.21,9.56
4.41,4.4,4.58,5.34,4.48,4.59,4.52,5.34,5.1,4.36,3.31,4.1,3.77,5.79,5.08,3.98,5.14
11.23,11.09,10.4,11.11,10.25,10.61,11.05,11.16,10.83,11.19,11.34,10.77,10.95,12.1,11.08,10.67,10.46
7.2,7.32,7.42,7.95,6.94,6.56,7.13,6.86,6.14,6.4,6.98,6.47,6.49,7.37,7.11,6.32,6.27
6.34,6.48,5.49,6.46,5.45,5.17,6.47,5.61,4.88,7.24,7.29,6.32,5.79,6.35,5.84,5.64,6.48
6.56,6.5,6.39,6.64,5.67,5.57,7.04,6.22,5.32,7.25,7.15,6.58,6.58,6.58,6.2,5.53,6.35
5.87,5.58,5.09,5.43,4.68,4.39,6.11,5.59,4.69,6.12,6.28,5.72,5.45,5.6,4.79,4.94,5.15
6.15,6.11,5.87,6.84,5.49,5.27,6.09,5.71,4.84,6.38,6.5,5.8,6.14,6.99,5.67,5.2,5.98
5.84,5.93,5.78,5.69,4.94,5.08,5.85,5.36,4.43,6.33,6.1,5.53,5.36,6.16,5.22,5.02,5.5
5.45,5.39,4.84,4.9,4.33,4.06,5.2,4.43,4.09,6.16,5.7,4.75,4.99,4.22,4.23,4.73,5.25
8.39,8.49,7.73,8.11,7.35,7.02,7.87,7.1,7.06,8.82,9.27,8.36,7.89,8.07,7.34,7.69,8.44
5.14,5.23,4.32,4.52,3.92,3.52,5.18,4.2,3.44,6.05,6.14,5.03,4.44,4.56,4.18,4.51,5.74
5.99,6.13,5.44,5.82,5.12,4.65,5.85,4.67,4.64,6.79,7.02,5.51,5.54,4.66,5.38,5.77,6.73
6.04,5.51,4.8,4.77,4.3,4.31,5.74,5.14,4.73,6.15,6.32,5.6,4.68,5.2,4.63,4.07,4.84
7.71,7.73,7.19,7.63,6.74,6.38,6.88,6.77,6.47,8.33,8.81,7.62,7.4,7.6,6.95,7.41,8.5
5.83,5.93,5.32,5.28,4.56,4.51,6.19,4.93,4.33,6.51,6.66,5.66,5.24,5.03,5.06,4.97,6.4
9.49,9.31,8.69,8.95,8.31,8.16,9.03,8.46,7.89,10.17,9.8,9.06,8.73,8.91,8.63,8.94,9.18
8.79,9.13,8.55,8.36,7.9,8.36,8.55,8.9,8.63,9.45,9.23,9.75,8.7,8.46,8.48,9.21,9.35
5.41,5.38,5.33,5.76,4.61,4.13,5.26,5.06,4.08,5.72,5.6,4.67,4.69,5.48,4.84,2.75,5.12
5.41,5.38,4.92,4.98,4.38,4.21,4.8,4.58,4.24,5.35,5.91,5.35,4.94,5.41,4.51,4.56,5.38
6.91,6.69,5.82,6.62,5.38,5.26,7.49,5.96,5.16,8.01,8.29,6.73,6.45,6.2,5.88,6.75,7.22
3.98,4.07,2.8,3.67,2.92,2.38,3.84,3.4,3.03,4.18,3.81,3.81,3.74,3.96,2.36,1.57,3.4
7.14,6.87,6.84,7.15,6.34,6.08,6.87,6.49,5.94,7.49,7.9,7.22,6.79,7.56,6.89,6.33,7.08
4.8,4.88,4.0,5.13,4.54,3.2,4.37,3.94,3.63,4.98,5.36,4.34,4.51,4.55,4.07,2.82,4.83
5.42,5.19,4.46,4.88,4.18,3.94,5.4,4.96,4.21,5.58,5.49,4.88,5.0,4.88,4.39,3.99,5.12
3.76,3.54,2.64,2.68,2.14,2.14,2.95,3.33,2.61,3.88,3.57,3.21,3.38,3.61,2.85,1.95,2.49
6.2,5.78,6.02,6.59,5.64,5.22,6.19,5.73,4.81,5.81,6.01,5.21,5.08,6.15,5.7,3.81,4.83
5.92,5.98,5.05,5.45,4.34,4.23,5.79,4.77,4.36,6.34,6.86,6.03,5.3,5.56,4.74,3.74,5.6
6.03,6.29,5.26,5.5,4.65,4.69,6.46,5.31,4.69,6.89,7.56,6.22,5.45,5.58,5.04,5.7,6.42
7.75,7.12,7.46,7.45,6.74,6.51,7.26,7.49,6.81,6.7,7.14,7.02,6.14,8.84,8.24,6.4,7.04
5.99,6.13,5.65,5.73,4.96,5.01,6.09,5.74,5.07,6.82,6.74,6.1,5.5,5.75,5.69,5.12,5.82
12.44,12.27,12.0,11.76,11.08,11.6,12.42,12.05,12.26,13.14,12.73,12.72,12.04,12.64,12.04,11.92,12.22
4.1,3.84,3.77,4.85,4.42,4.72,5.25,5.2,4.35,4.45,3.91,3.94,3.95,4.7,5.15,3.7,3.76
7.17,7.22,6.72,6.92,6.06,5.9,6.99,6.29,6.04,7.97,8.16,7.54,6.91,7.18,6.72,6.61,7.42
4.19,4.1,3.57,3.85,3.25,3.23,3.44,3.43,3.32,3.94,4.31,3.65,3.97,3.64,3.43,2.89,4.21
7.28,7.63,7.32,7.24,6.79,6.49,7.16,6.41,6.56,8.27,8.18,7.49,7.17,6.45,6.93,7.56,7.79
5.0,4.99,4.62,4.99,4.54,4.44,5.36,4.82,4.15,6.15,6.22,4.89,4.82,5.42,4.76,4.35,4.92
6.21,5.95,5.74,5.42,5.2,5.22,6.0,6.05,5.62,5.44,5.6,5.82,5.7,6.17,5.88,4.07,4.58
9.98,10.53,10.27,10.92,9.99,9.74,10.49,9.41,9.25,10.67,11.08,10.34,10.25,11.52,11.13,9.44,10.86
6.41,6.53,5.01,5.82,4.82,5.09,7.06,5.39,4.61,7.67,8.36,6.54,5.51,5.22,5.09,6.27,6.92
6.47,6.75,6.47,6.64,5.88,5.72,6.46,6.0,5.7,7.07,7.27,6.83,6.29,6.95,6.14,5.36,6.38
3.83,3.9,3.45,3.55,2.78,2.06,3.39,2.78,2.3,4.21,3.79,3.0,3.67,2.7,2.36,1.79,3.77
6.47,6.83,6.02,6.8,5.86,5.43,7.03,5.41,5.3,8.19,8.47,7.07,6.11,6.52,5.86,6.45,7.82
5.73,5.79,5.21,5.48,4.95,4.68,5.85,4.86,4.38,6.65,6.89,5.93,5.32,5.77,5.1,5.6,6.48
10.53,10.59,9.8,11.23,9.82,9.37,11.1,9.74,9.3,12.27,12.42,11.02,9.97,10.53,10.28,10.5,10.6
6.7,6.7,6.49,6.12,5.24,4.74,6.14,6.09,5.01,6.38,6.3,5.92,6.19,6.5,5.48,4.74,5.5
3.06,2.54,1.45,2.64,2.43,2.09,2.42,2.44,1.47,2.36,0.75,2.26,1.76,3.21,2.49,0.0,1.0
6.5,6.66,5.91,6.46,5.54,5.23,6.13,5.26,4.85,7.01,7.36,6.31,5.82,6.68,5.57,5.66,6.82
6.84,6.96,6.14,6.26,5.62,5.52,6.35,5.78,5.38,7.32,7.46,6.75,6.52,6.58,5.86,6.17,6.76
9.53,10.1,9.38,10.18,9.45,8.89,9.5,8.66,8.49,10.22,11.18,10.19,10.08,9.65,10.22,10.56,10.64
4.71,4.14,3.84,4.38,3.75,3.28,3.86,4.17,4.19,4.36,4.01,3.85,3.79,4.81,4.17,4.02,4.87
4.8,4.65,4.16,3.54,3.73,3.9,4.12,4.38,3.66,4.34,4.34,4.27,4.16,4.74,4.21,1.29,2.66
3.86,4.26,2.46,3.19,2.48,2.16,3.87,3.4,2.17,4.59,3.96,3.49,2.94,3.0,2.5,2.86,4.09
5.3,5.26,4.68,4.36,3.92,3.79,4.8,4.14,3.85,5.84,6.23,5.38,4.73,4.81,4.09,3.88,5.32
7.74,7.93,7.31,7.79,7.12,6.7,7.63,6.87,6.69,8.34,8.65,7.87,7.34,7.23,7.23,7.58,7.88
8.34,8.81,7.83,8.73,7.59,7.09,8.12,6.96,7.44,9.6,9.56,8.51,7.86,7.55,7.62,8.34,9.2
10.52,10.5,10.12,10.76,9.76,9.38,10.95,10.16,9.52,11.75,12.14,10.85,10.18,10.47,10.18,10.39,10.34
5.35,5.24,4.17,4.32,3.54,3.94,5.04,4.35,3.46,5.82,5.92,4.71,4.2,4.2,3.54,3.47,4.83
5.43,5.47,4.97,5.11,4.68,4.4,5.43,4.69,4.51,6.09,6.04,5.61,5.07,5.29,5.17,4.82,5.58
4.31,3.99,3.99,3.95,3.55,3.4,3.41,4.22,3.48,3.82,2.8,3.82,4.01,4.71,4.34,2.56,2.18
11.22,11.25,10.84,11.42,10.74,10.59,11.47,10.72,9.99,12.26,12.67,11.77,11.17,11.94,11.16,11.13,11.4
8.47,8.82,8.4,8.97,7.87,7.4,8.69,7.54,7.6,9.53,9.9,8.92,8.06,8.56,8.51,8.17,9.12
6.3,6.37,6.04,6.35,5.23,5.02,6.64,5.33,5.04,6.76,6.89,6.2,5.97,6.83,5.8,5.21,6.42
8.46,8.74,8.23,8.6,7.56,7.34,8.29,7.5,7.31,9.05,9.21,8.44,8.28,8.24,7.92,7.87,8.53
4.44,4.28,3.85,3.39,2.98,2.78,3.64,3.81,3.3,4.04,3.73,3.78,3.87,4.09,3.62,2.29,3.02
3.99,4.09,3.3,3.55,2.44,2.45,3.51,3.83,3.06,4.85,3.6,3.78,3.57,3.76,3.15,2.4,2.62
5.56,5.43,4.55,4.9,4.21,3.82,4.66,4.1,3.84,5.37,5.25,5.04,4.64,4.52,4.24,2.59,5.0
5.26,5.05,5.09,5.03,4.46,4.31,5.22,5.02,4.54,5.19,4.8,5.2,4.85,5.6,4.95,3.82,3.59
9.47,9.64,8.92,9.65,8.77,8.31,8.92,8.43,8.16,9.25,9.99,9.15,9.47,9.26,9.51,9.1,9.32
5.34,5.47,5.16,5.74,5.09,4.73,5.24,4.79,4.55,5.34,5.68,5.32,5.69,5.39,5.33,4.64,5.66
5.92,5.66,5.63,5.59,5.02,4.92,6.05,5.86,4.94,6.1,6.24,6.02,5.66,6.71,5.8,4.32,5.34
6.71,6.52,6.26,5.81,5.44,5.94,6.75,6.75,6.43,6.79,6.59,7.03,6.63,6.66,6.25,5.83,6.46
13.52,13.48,13.66,13.69,13.36,13.1,13.98,13.29,12.77,13.82,13.56,13.26,13.12,13.27,13.27,12.63,12.74
4.5,4.36,3.9,3.88,3.2,2.94,3.56,3.95,3.43,4.11,4.25,3.75,3.71,4.34,3.16,1.66,2.8
6.66,6.91,6.27,6.22,6.29,6.43,7.21,7.66,6.83,5.78,6.28,5.77,6.22,7.13,7.09,6.81,6.52
7.17,7.04,6.73,6.52,6.13,6.4,7.02,7.5,6.94,6.67,6.82,6.46,7.25,8.15,7.71,6.88,6.48
5.24,4.98,4.18,4.54,4.19,3.82,5.3,4.3,3.91,5.22,4.9,4.18,4.39,4.24,4.27,3.05,4.33
4.56,4.47,4.01,4.87,3.44,3.17,3.5,4.25,4.24,2.48,2.71,3.24,3.79,4.19,2.75,1.52,3.04
1.87,2.41,2.27,1.48,1.0,0.98,2.24,1.86,1.19,3.16,3.0,2.05,1.43,1.75,1.33,3.6,1.15
5.25,5.02,4.72,4.72,4.05,4.01,4.98,4.78,4.21,5.75,5.4,4.85,4.77,5.12,4.62,3.66,4.6
5.69,5.67,5.69,5.74,4.91,4.34,5.27,4.74,4.75,6.63,6.84,5.57,5.47,4.95,5.07,5.48,7.02
10.21,10.15,9.73,10.26,9.69,9.34,10.22,9.6,8.85,11.06,10.71,10.02,10.07,10.21,9.74,9.49,9.68
11.27,11.31,10.56,11.07,10.19,9.92,11.46,10.35,9.88,12.66,12.38,11.75,10.84,10.8,10.79,11.08,11.36
6.05,5.94,5.47,5.65,4.99,4.82,5.57,5.46,4.62,6.3,6.26,5.71,5.81,6.16,5.41,4.9,5.77
9.03,9.27,7.49,7.99,7.84,7.38,8.98,7.65,7.67,10.71,11.82,9.86,8.9,7.73,8.36,10.03,10.09
7.3,7.94,6.81,7.75,6.56,6.14,8.38,5.89,5.95,10.45,10.54,8.85,7.76,6.57,7.01,8.52,9.72
10.48,10.54,10.61,11.04,10.14,10.03,10.9,10.49,9.82,10.31,10.82,9.98,10.15,11.26,10.66,9.75,9.96
7.87,8.41,7.85,8.18,7.43,7.02,8.3,6.66,6.55,9.55,9.78,8.56,7.81,7.38,7.59,8.4,9.56
5.95,5.67,4.9,5.32,4.49,4.39,6.16,4.63,4.21,7.12,8.0,6.28,5.66,5.05,4.93,5.68,7.18
2.61,2.3,0.79,1.15,0.98,1.19,0.0,2.28,1.86,2.02,1.79,2.7,1.48,2.32,2.03,0.0,0.5
4.39,4.39,3.66,4.0,3.55,3.08,3.88,3.57,2.9,4.14,3.76,3.52,4.05,3.76,3.48,0.5,3.39
4.72,4.76,4.35,3.28,3.83,3.83,5.19,4.57,3.94,5.06,4.91,4.43,4.38,4.65,4.25,3.94,4.0
9.34,9.83,9.44,10.13,8.75,8.46,9.49,8.91,8.36,10.16,10.4,9.71,9.13,10.03,9.36,8.63,9.2
6.3,6.66,5.93,6.69,5.66,5.34,6.16,5.15,5.46,7.38,7.3,6.38,6.26,5.53,5.92,6.99,7.15
11.95,12.5,11.74,12.06,11.83,11.45,12.05,11.25,10.93,13.03,12.6,12.29,11.76,11.92,11.89,11.93,12.16
12.92,12.86,12.73,12.98,12.68,12.35,12.65,12.3,11.65,12.71,12.78,12.41,12.67,13.3,12.87,12.2,12.21
9.67,9.84,9.23,9.61,8.67,8.5,9.59,8.51,8.49,10.56,10.91,10.07,9.47,9.53,9.31,9.8,10.2
10.44,10.46,9.91,10.67,9.55,9.15,10.73,9.2,9.02,11.89,11.93,11.0,10.2,10.26,9.91,10.13,11.0
9.26,9.43,9.05,9.25,8.31,7.84,9.24,8.13,8.03,10.08,10.24,9.08,8.88,9.09,8.6,8.89,9.4
7.04,7.44,6.78,7.35,6.33,5.82,6.55,5.71,5.49,7.27,8.04,6.92,6.52,6.77,6.39,6.75,7.64
6.94,6.81,6.25,6.28,5.51,5.52,6.52,6.03,5.67,7.6,7.01,6.69,6.36,6.36,5.77,5.47,5.5
7.15,6.97,6.59,6.51,5.62,5.65,6.47,6.09,5.86,7.82,7.57,7.04,6.6,6.53,6.06,5.14,5.78
4.84,4.61,3.19,3.78,3.09,2.67,4.69,3.13,2.67,5.15,5.01,4.14,4.0,3.64,3.06,2.23,4.46
3.11,3.02,2.7,3.08,2.45,2.11,2.8,3.12,2.32,3.68,3.62,3.3,2.95,3.33,1.87,1.79,3.11
10.26,10.45,10.78,10.66,10.11,9.24,9.9,9.16,9.31,10.73,10.96,9.75,9.63,9.24,9.69,9.75,10.29
13.23,13.25,13.03,13.44,12.87,12.59,13.52,12.69,12.35,13.55,13.48,13.07,12.8,12.85,12.74,12.48,12.69
6.15,6.02,4.87,5.52,4.25,4.21,5.89,5.11,4.14,7.12,7.58,6.08,5.62,5.11,4.64,5.85,6.78
5.84,5.55,5.44,5.49,4.71,4.46,5.62,5.23,4.55,6.21,6.67,6.06,5.53,5.96,5.46,4.84,5.94
5.38,5.0,4.83,4.33,3.94,3.9,4.54,4.88,4.12,5.43,5.61,5.12,4.63,5.43,4.51,2.66,3.59
10.24,10.45,9.5,10.39,9.47,9.03,10.47,9.17,8.66,11.89,11.59,10.41,9.71,9.38,9.44,10.04,10.62
4.42,4.38,3.89,3.31,2.63,2.51,3.89,3.82,3.48,5.08,5.12,4.36,3.82,3.52,2.63,2.87,4.79
5.82,5.91,5.81,5.99,4.9,4.39,5.44,5.34,5.25,6.53,6.76,5.65,5.53,5.09,5.31,5.59,6.6
5.41,5.32,5.15,5.01,4.18,4.15,5.42,4.71,4.71,5.99,5.85,5.47,5.42,5.64,4.9,3.6,5.3
7.41,7.53,6.74,7.36,6.52,6.23,7.99,6.56,6.0,9.52,10.03,8.08,7.05,6.7,6.94,8.14,8.81
11.85,12.06,11.75,11.3,11.25,10.95,11.64,11.26,10.19,12.14,12.05,11.13,11.16,11.24,11.18,11.46,10.87
6.92,6.76,6.08,6.34,5.58,5.29,6.5,5.95,5.26,7.14,7.26,6.67,6.53,6.06,5.66,5.97,6.08
3.63,3.27,2.95,2.51,1.15,1.18,3.97,3.05,2.73,3.53,3.07,2.53,1.76,1.7,1.0,1.78,3.29
7.65,7.66,6.44,5.74,5.84,6.09,6.91,7.05,5.28,6.93,7.27,6.38,6.18,6.53,6.22,5.78,5.7
5.55,5.54,5.05,5.26,4.45,4.21,5.28,4.81,4.3,5.78,5.68,5.0,5.02,5.27,4.84,3.13,4.66
8.76,8.88,8.56,8.59,7.76,7.57,8.5,7.57,7.8,9.68,9.76,8.63,8.68,8.04,8.25,8.78,8.97
10.16,10.42,10.24,10.78,10.09,9.71,10.56,9.8,9.45,11.62,11.62,10.83,10.18,10.63,10.59,10.21,10.73
6.81,6.6,6.51,6.44,5.95,6.02,6.53,6.6,6.37,5.76,5.33,5.48,5.73,6.52,5.63,5.09,5.92
4.08,4.1,3.18,3.74,3.12,3.17,3.75,3.39,2.7,4.04,4.04,3.51,4.01,3.67,3.64,2.33,3.91
6.69,6.75,6.16,6.61,5.75,5.56,6.44,5.68,5.29,6.97,7.55,6.5,6.2,6.58,5.97,6.29,7.18
5.7,5.01,4.26,4.24,3.49,3.48,4.94,4.38,3.7,5.44,5.07,4.6,3.97,4.13,4.2,2.38,3.82
6.84,7.07,6.56,6.93,5.98,5.66,7.11,5.9,5.79,7.69,7.87,6.94,6.31,6.67,6.45,6.17,7.09
9.54,9.72,9.4,9.81,9.2,8.9,9.41,8.92,8.58,10.08,10.34,9.72,9.41,9.96,9.48,9.29,9.7
5.44,5.16,4.67,4.85,4.36,4.56,5.36,5.18,4.76,5.07,4.73,4.75,5.03,5.13,4.93,3.33,3.96
10.52,10.34,9.94,10.13,9.79,9.35,10.42,9.53,9.09,11.63,11.53,10.81,10.09,9.76,9.98,10.34,10.8
1.04,0.93,1.1,1.15,1.79,0.79,1.67,2.01,0.17,1.76,1.58,1.53,1.57,0.93,0.5,1.5,0.79
9.48,9.44,8.45,9.71,8.23,7.82,9.66,8.45,7.8,10.67,11.11,9.61,9.05,9.01,8.49,9.58,9.91
4.95,4.91,4.39,4.4,3.58,3.23,4.61,4.19,3.86,5.39,4.74,4.41,4.59,4.05,4.36,3.46,4.27
7.3,7.16,6.67,6.46,6.18,6.51,7.39,7.04,6.57,7.55,7.14,6.86,6.31,6.37,6.33,6.29,6.3
6.6,6.37,5.52,5.78,5.36,5.21,6.64,5.71,4.99,7.21,7.25,6.44,6.19,5.97,5.69,5.59,6.79
6.43,6.76,5.9,6.74,5.92,5.47,6.36,5.36,5.61,7.59,7.65,6.53,6.44,5.4,5.88,6.85,7.98
8.55,9.05,8.12,8.84,7.77,7.38,8.33,7.36,7.2,9.63,10.44,9.09,8.8,8.12,8.2,9.1,9.9
4.48,4.42,3.39,4.37,3.13,2.71,4.13,3.59,3.05,5.3,5.46,4.4,3.9,3.46,3.63,2.91,5.04
6.59,6.38,5.92,5.84,5.22,5.23,6.08,6.02,5.51,6.13,6.01,6.13,5.92,6.66,5.96,3.81,4.97
0.0,0.0,0.0,0.0,0.0,0.0,0.5,1.5,0.0,0.4,0.0,0.0,0.0,1.58,0.0,0.0,0.0
6.24,6.16,5.05,5.75,4.8,4.22,5.35,4.34,4.37,6.68,6.9,5.76,5.26,4.42,4.68,5.16,6.69
9.48,9.59,9.25,9.75,9.34,8.76,10.05,8.78,8.74,10.79,10.86,9.95,9.24,9.28,9.2,9.54,10.14
9.71,9.87,8.26,8.7,7.66,7.71,9.53,7.95,7.09,10.71,11.4,9.57,9.71,7.98,8.43,9.93,10.27
7.39,7.57,6.81,7.6,6.59,6.17,7.99,6.59,5.81,9.46,10.01,8.33,7.27,6.96,7.09,7.94,8.74
11.65,11.72,11.21,11.63,11.15,10.41,11.62,10.92,10.34,12.65,13.02,11.69,11.34,11.65,10.77,11.56,12.02
6.43,6.41,5.52,6.08,5.0,4.87,6.15,5.28,4.56,7.27,7.56,6.32,6.03,6.04,5.42,5.65,7.11
11.34,11.32,10.99,11.63,10.53,10.24,11.05,10.44,9.83,11.9,12.13,11.35,11.19,11.11,10.7,10.94,11.35
4.47,4.34,3.61,3.78,3.55,3.74,3.19,3.46,3.31,3.98,3.63,4.37,3.52,3.48,2.73,3.93,3.48
7.39,7.55,7.26,7.34,6.66,6.59,7.83,7.19,6.48,8.04,8.0,7.76,7.26,7.75,7.31,6.77,7.76
4.3,4.07,3.55,4.31,3.35,2.91,4.07,3.55,3.51,5.08,4.75,4.43,4.22,3.96,3.84,2.19,5.27
7.91,8.08,6.91,7.37,6.56,6.17,8.6,6.02,5.99,9.52,9.75,8.09,7.42,5.9,6.54,7.99,9.3
11.2,11.27,10.38,11.39,10.88,10.46,11.9,10.97,10.61,12.53,12.99,11.84,11.16,10.82,10.78,11.42,11.47
5.9,5.5,5.59,5.78,4.97,4.75,5.1,5.22,5.48,5.43,5.69,5.03,5.02,5.64,4.79,3.6,5.89
6.31,6.4,5.79,6.11,5.27,5.1,7.01,5.45,5.08,7.34,7.36,6.46,5.87,5.84,5.58,5.59,6.83
2.85,3.02,1.95,2.3,1.73,0.79,3.51,2.55,1.74,3.68,2.81,2.85,3.22,2.51,2.12,0.0,2.71
8.62,8.53,8.84,9.86,7.97,7.18,8.26,7.8,7.09,8.41,8.49,7.39,8.04,9.06,7.86,7.5,8.08
5.58,5.79,4.98,5.32,4.46,4.44,6.12,4.95,4.66,7.44,7.9,5.68,4.88,5.4,4.59,5.45,6.38
8.69,9.61,8.17,9.16,8.24,7.77,8.61,7.44,7.4,10.05,10.52,9.1,8.52,8.76,8.26,8.98,9.81
5.91,6.06,5.45,5.52,5.05,4.85,5.88,4.9,4.9,6.17,6.8,5.97,5.42,5.69,5.24,5.55,6.16
9.88,10.03,9.83,10.34,9.86,9.33,10.15,9.24,9.14,10.88,11.01,10.31,9.74,9.81,9.85,9.65,10.19
11.57,11.44,10.88,11.15,10.75,10.36,12.1,10.68,10.06,12.82,12.23,11.49,10.7,10.37,10.8,10.86,11.42
7.5,7.69,6.72,7.43,6.5,6.0,8.48,6.24,5.92,9.37,9.96,8.36,7.09,6.69,6.75,7.74,8.74
8.89,9.59,7.52,8.33,6.97,6.96,8.99,7.81,7.0,10.03,10.9,9.17,8.57,7.4,7.59,8.77,9.03
13.15,13.3,13.4,13.48,13.28,12.81,13.59,12.75,12.71,13.75,13.6,13.22,13.29,13.0,13.02,12.74,12.98
8.75,8.76,8.62,8.78,7.54,7.51,8.54,8.22,7.81,8.88,8.79,8.09,8.13,8.32,7.89,7.17,7.6
4.16,3.45,0.5,3.07,1.95,2.03,3.28,2.83,2.37,4.15,4.39,1.68,3.16,3.51,3.2,0.0,2.6
5.49,5.68,4.83,5.26,4.7,4.46,5.13,4.39,4.15,6.14,6.61,5.58,4.98,4.7,4.82,5.57,6.25
3.74,3.67,3.28,3.66,3.3,3.26,4.19,3.44,3.09,3.8,3.6,3.47,3.57,4.02,3.54,2.32,1.66
12.39,12.09,11.99,11.79,11.19,10.09,11.64,12.46,12.08,10.47,10.8,10.25,9.92,10.66,10.18,9.77,9.94
13.18,13.12,12.42,12.58,11.65,12.01,12.75,13.1,13.3,13.7,13.67,13.31,12.63,12.93,12.27,12.98,12.03
7.38,7.26,6.31,6.75,5.76,5.68,7.37,6.27,6.23,8.72,8.64,7.52,6.87,6.19,6.4,7.63,8.15
4.56,4.3,3.57,3.36,3.32,2.82,4.32,3.92,3.18,4.3,4.02,3.88,4.17,3.98,3.61,1.0,4.02
6.14,6.34,5.68,5.79,5.25,5.15,6.5,5.14,4.88,6.93,6.99,5.97,5.68,5.94,5.49,5.67,6.77
6.74,6.89,6.06,6.58,5.83,5.36,7.15,5.52,5.28,8.04,8.37,6.99,6.28,6.02,6.09,6.53,7.94
4.67,4.3,3.79,3.77,3.29,3.18,3.89,3.98,3.62,4.4,4.26,4.23,4.07,4.44,3.58,2.45,3.61
5.96,6.04,4.76,5.35,4.4,3.82,5.49,5.23,4.36,6.02,6.62,5.49,5.68,4.93,4.52,5.74,6.59
2.66,3.02,2.28,2.74,2.39,2.0,2.27,2.33,2.0,2.89,1.8,1.63,2.51,3.67,3.53,0.0,1.23
7.52,7.45,6.71,6.98,6.22,6.02,7.43,6.47,5.79,8.4,8.23,7.31,6.94,6.61,6.45,7.12,7.6
5.09,4.91,4.72,5.07,4.22,3.52,3.89,4.33,4.04,4.7,5.09,4.28,4.61,4.67,4.21,3.39,3.85
5.02,4.8,4.55,4.75,3.6,4.07,4.61,4.54,3.95,5.28,5.08,4.88,4.65,5.3,4.91,3.14,4.33
7.53,7.73,7.17,7.3,6.41,6.2,7.41,6.61,6.2,8.43,8.54,7.64,6.96,7.32,6.87,7.4,7.95
5.2,4.9,4.32,4.12,3.6,3.91,4.59,4.65,4.04,4.19,4.14,4.58,4.49,5.03,4.29,3.06,3.33
8.57,8.95,8.38,8.55,7.94,7.68,9.37,7.74,7.43,10.0,10.02,8.75,8.05,7.91,7.97,8.61,9.38
12.0,11.98,11.45,11.63,11.32,10.91,11.79,11.14,10.49,12.72,12.34,12.01,11.6,11.53,11.33,11.72,11.65
5.54,5.52,5.37,5.36,4.49,4.37,5.66,4.99,4.49,5.7,5.7,5.39,5.11,5.7,5.33,3.36,4.82
6.83,6.61,6.31,6.22,5.33,5.24,6.48,6.11,5.44,6.65,6.59,6.27,6.13,6.42,6.0,4.7,5.4
6.81,6.9,6.87,6.98,6.04,5.87,6.7,6.41,6.37,7.55,7.64,6.58,6.73,6.72,6.74,6.71,7.13
5.9,5.7,4.74,4.99,4.08,3.99,5.28,4.22,3.94,6.13,6.35,5.32,4.8,4.88,4.22,3.57,5.98
6.23,6.19,6.12,6.35,5.57,5.6,6.62,6.06,5.59,6.37,6.58,6.15,5.94,6.26,5.8,5.41,6.09
6.27,6.36,5.7,6.1,5.26,4.84,6.24,5.18,5.01,7.47,7.42,6.27,5.95,5.27,5.41,5.88,6.75
9.64,9.94,9.53,10.13,9.24,9.0,10.04,8.98,8.6,10.49,10.81,9.9,9.37,9.06,9.21,9.77,10.28
6.04,6.04,5.86,5.91,5.44,5.47,6.08,5.67,5.1,6.02,6.14,5.86,5.72,6.41,5.77,5.5,5.95
3.16,2.75,1.96,2.2,1.73,2.0,2.99,3.07,2.37,3.15,2.2,2.73,2.73,2.85,1.29,1.79,2.67
9.77,10.23,9.51,10.24,9.5,8.97,9.7,8.77,8.53,10.57,10.84,9.83,10.08,9.58,9.4,9.81,10.44
5.76,5.67,5.38,5.31,4.77,4.51,6.15,5.2,4.74,6.67,6.79,5.98,5.48,5.38,5.43,4.71,6.06
12.71,12.79,12.3,12.31,11.54,11.81,12.7,12.53,12.81,13.26,13.25,13.02,12.53,12.99,12.61,12.38,12.61
5.81,5.65,4.84,5.02,4.69,4.75,5.94,6.02,5.4,6.89,7.23,6.34,6.23,6.13,4.99,4.33,5.15
10.03,10.19,8.94,10.12,8.54,8.14,10.33,8.76,7.92,11.35,11.95,10.44,9.37,8.82,8.78,10.26,10.42
3.89,3.39,3.4,2.44,2.5,2.27,3.95,3.49,3.31,3.12,3.42,3.36,3.78,4.19,2.93,0.0,2.7
9.01,9.55,8.82,10.1,8.9,8.27,9.05,7.85,8.32,10.11,10.29,9.34,9.03,9.03,9.19,9.5,10.1
7.36,7.44,6.76,7.17,6.31,5.94,6.79,6.1,5.98,7.16,7.49,6.97,6.95,6.64,6.69,6.15,7.09
0.0,0.0,0.0,0.0,0.0,0.0,0.0,0.65,0.0,1.68,0.0,0.0,0.0,0.9,0.0,2.6,0.0
3.63,3.75,2.91,2.28,2.15,2.68,3.16,3.36,2.47,4.08,3.86,3.58,3.62,3.46,2.93,1.75,2.97
3.53,3.33,2.78,2.98,1.96,1.9,2.95,3.0,2.13,3.34,2.05,3.02,3.08,2.98,3.06,1.29,2.6
8.49,8.54,7.86,8.21,7.69,7.7,9.08,8.37,7.75,9.15,8.93,7.76,8.05,7.95,7.62,7.78,7.53
8.66,8.74,9.37,9.34,8.37,8.34,8.91,8.77,9.11,7.56,7.97,7.29,7.93,7.94,8.34,7.77,7.9
1.29,0.0,0.0,0.0,0.0,0.0,3.76,0.0,0.0,0.5,0.0,0.0,0.0,0.0,0.0,0.0,0.0
0.0,0.0,0.0,0.0,0.0,1.0,2.29,1.29,0.0,0.0,3.35,0.0,0.0,0.5,1.0,1.29,1.54
4.51,4.5,4.21,4.24,3.67,3.95,4.83,4.39,3.57,4.42,4.24,3.89,3.57,3.56,3.8,3.24,3.41
5.77,5.75,5.28,5.69,4.96,4.66,5.39,4.82,4.46,6.08,6.56,5.61,5.51,5.45,5.36,5.42,6.56
5.92,5.84,5.81,5.96,5.36,5.23,5.88,5.47,5.19,5.62,5.89,5.14,5.71,6.01,5.5,4.08,5.25
11.24,11.31,11.13,11.32,11.07,10.64,11.07,10.44,10.14,11.75,11.83,11.21,10.96,10.98,10.99,11.12,11.3
6.02,6.22,5.39,5.57,4.73,4.53,5.75,4.58,4.47,6.88,7.58,6.29,5.66,5.19,5.04,6.04,7.23
3.09,1.7,2.79,2.4,1.29,2.2,0.0,2.72,1.1,2.5,1.94,1.46,2.93,3.47,0.0,0.0,1.4
6.85,7.19,7.0,7.45,6.4,6.01,7.53,6.33,5.83,8.03,8.66,7.27,6.66,7.29,6.84,6.82,7.99
7.11,7.17,6.8,6.94,6.32,6.14,7.26,6.46,5.92,7.46,7.55,7.07,6.88,7.16,6.79,6.4,7.32
7.75,8.06,7.67,8.25,7.2,6.79,7.99,7.06,6.77,7.97,8.41,7.58,7.76,7.8,7.79,7.35,7.94
10.08,10.34,9.37,10.03,9.29,8.64,10.22,8.74,8.65,11.41,11.1,10.11,10.06,8.83,9.16,9.85,10.13
6.09,5.9,5.57,5.58,5.06,4.95,5.89,5.54,5.0,6.21,6.23,5.84,5.69,6.05,5.55,3.96,5.17
7.04,6.97,5.89,6.37,5.53,5.18,7.07,5.7,5.13,8.14,8.27,6.9,6.21,5.51,5.68,6.51,7.54
5.19,5.17,4.87,4.7,4.18,4.27,5.33,5.0,4.29,5.41,5.46,5.18,4.86,5.08,4.88,3.1,4.34
9.7,9.57,8.88,10.16,8.38,7.67,9.55,8.33,7.9,10.37,11.22,10.08,9.7,9.66,8.8,9.72,10.59
9.38,9.44,8.7,8.82,8.91,7.56,8.8,7.98,7.91,9.03,10.53,8.82,8.29,7.81,8.25,8.7,9.98
5.57,5.39,4.73,4.63,3.59,3.56,4.27,5.59,4.95,5.1,5.38,5.07,4.99,5.51,4.55,4.34,4.75
6.46,6.58,5.86,6.41,5.65,5.33,6.0,5.64,5.24,6.93,6.81,6.16,5.89,5.75,5.5,5.73,6.01
7.35,7.52,7.01,7.45,6.51,6.11,7.36,6.18,5.84,8.34,8.89,7.59,6.82,7.7,6.85,7.06,8.35
4.95,5.16,4.49,4.92,4.06,3.72,4.7,4.06,3.74,5.78,5.96,4.76,4.47,4.37,4.1,3.92,5.8
7.17,7.18,6.77,6.85,5.94,5.79,7.04,6.18,5.72,7.74,7.79,7.18,6.86,6.37,6.29,6.42,7.35
7.72,7.53,7.21,7.05,6.91,7.04,7.7,7.81,7.3,7.38,7.27,7.56,7.13,7.82,7.29,5.74,6.2
5.9,5.8,5.32,5.03,4.4,4.35,5.22,5.35,4.7,6.16,6.05,5.62,5.2,5.62,4.79,3.36,4.25
7.17,6.86,6.29,6.33,5.38,5.25,6.61,6.09,5.66,7.58,7.68,7.02,6.4,6.53,6.03,5.81,6.54
5.73,5.53,4.25,4.78,3.65,3.58,5.17,4.43,4.33,6.39,5.84,4.87,4.63,4.3,4.04,4.6,5.0
12.41,12.47,12.08,12.18,11.79,11.62,12.57,11.87,11.79,13.69,13.12,12.61,12.14,12.11,12.16,11.96,12.25
6.7,6.44,6.19,5.67,5.41,5.79,6.53,6.66,6.22,6.52,6.72,6.97,6.22,6.76,6.23,5.7,6.05
7.13,6.92,6.7,6.42,5.72,5.79,6.87,6.6,5.95,7.39,7.35,7.17,6.56,6.84,6.16,5.76,6.34
7.84,7.77,7.53,7.6,6.89,6.58,7.68,7.2,6.37,8.13,8.14,7.75,7.7,7.91,7.26,6.73,7.55
7.26,6.8,5.48,6.1,5.36,4.94,6.95,5.72,5.11,7.87,8.41,6.8,6.15,5.47,5.56,6.65,7.08
10.55,10.56,9.65,10.63,9.49,9.15,10.78,9.68,8.98,11.89,12.18,10.81,10.48,10.21,9.77,10.35,10.7
4.89,4.65,3.41,3.93,2.82,2.63,4.82,4.01,3.21,5.43,5.1,4.27,3.86,3.5,2.97,3.05,4.43
8.12,8.14,7.89,7.94,7.16,7.1,7.58,7.33,6.84,8.15,8.37,7.89,7.55,7.66,7.25,7.04,7.43
7.41,7.7,7.13,7.71,6.8,6.11,7.24,6.5,6.19,8.41,8.5,7.7,7.72,7.58,6.61,7.38,8.19
6.52,6.34,6.36,6.4,5.35,5.23,5.92,5.78,5.42,6.49,6.73,6.34,6.34,6.44,5.75,5.24,5.9
7.87,8.07,7.28,8.32,7.17,6.57,8.11,6.62,6.39,9.12,9.46,7.94,7.57,6.6,6.85,7.62,8.76
3.44,2.99,1.49,1.86,1.61,0.9,2.04,2.56,1.92,3.57,3.05,2.6,2.95,1.87,1.58,0.0,3.13
5.92,6.01,5.42,5.84,4.91,4.66,5.88,4.96,4.49,6.52,6.42,5.47,5.45,5.46,5.15,4.96,6.07
7.41,7.66,6.41,6.67,5.8,5.52,7.34,6.82,6.29,8.25,9.48,7.45,6.97,6.47,6.22,7.47,8.03
4.64,4.47,3.72,3.51,2.94,2.7,4.11,3.7,3.58,4.44,3.97,4.1,3.89,3.58,2.5,0.0,2.89
6.71,6.44,5.98,5.61,4.77,4.69,6.0,5.63,5.25,7.06,7.19,6.74,5.87,5.88,5.34,4.92,5.98
4.13,4.05,3.49,3.57,3.07,3.04,3.79,3.22,2.67,3.98,4.06,3.54,3.52,4.08,3.37,1.79,3.84
7.04,7.13,5.93,6.61,5.51,5.17,6.62,6.26,5.37,6.9,7.35,6.64,6.57,6.28,6.0,6.63,7.39
0.0,0.0,0.0,0.0,0.0,0.0,3.35,0.5,0.0,0.5,0.65,0.0,0.5,0.0,0.0,0.0,0.0
0.25,1.43,0.0,1.3,0.65,1.66,3.13,3.47,2.45,2.08,0.25,0.0,0.76,1.43,1.15,1.08,1.12
0.65,1.48,0.0,0.0,0.0,0.0,1.58,0.0,0.17,1.93,1.75,1.29,0.82,0.0,0.0,1.6,0.0
5.07,4.85,4.0,4.42,4.03,3.73,4.16,4.56,4.48,4.99,5.24,5.12,5.05,4.93,4.45,3.7,4.16
7.92,7.51,7.34,7.34,6.78,6.69,7.92,7.17,7.07,6.97,7.28,7.02,6.69,7.03,6.88,6.13,6.29
8.49,8.57,8.01,8.92,7.79,7.3,8.93,7.57,6.89,9.9,10.25,8.96,8.07,7.95,8.15,8.51,9.35
0.0,0.0,0.0,0.0,0.0,0.0,1.19,0.0,0.0,0.96,2.52,1.28,0.0,0.25,0.43,3.17,1.58
6.0,6.12,5.34,5.69,4.82,4.41,6.48,5.03,4.25,7.23,7.45,6.09,5.59,5.29,5.06,5.53,7.15
11.62,11.47,11.18,11.34,11.01,10.78,11.77,10.76,10.57,12.27,12.16,11.48,10.66,10.34,11.04,10.97,11.42
12.41,11.95,11.87,12.67,11.97,11.66,12.47,12.71,11.74,11.84,12.48,11.99,11.83,12.69,12.52,11.18,11.0
7.06,7.29,6.38,7.16,6.24,5.73,7.27,5.51,5.49,8.07,8.47,6.84,6.53,5.28,5.89,6.65,8.09
5.37,5.26,4.3,4.86,3.96,3.09,4.93,4.0,3.79,6.06,6.33,5.13,4.5,4.3,3.85,3.65,5.43
7.0,6.94,5.93,6.31,5.89,5.44,7.18,6.2,5.72,8.07,8.68,7.31,6.56,6.18,6.15,7.24,7.55
9.59,9.65,9.55,10.39,9.45,9.19,10.09,9.49,8.95,9.85,10.15,9.64,9.37,9.91,9.55,8.72,9.36
7.57,7.71,7.14,7.59,6.84,6.49,7.97,6.76,6.78,8.6,8.69,7.55,7.0,7.12,7.24,6.98,7.91
13.43,13.45,13.59,13.5,13.2,12.97,13.93,13.21,12.78,13.89,13.58,13.37,13.43,12.27,11.55,12.7,12.84
11.48,11.23,10.92,11.03,10.14,10.44,11.24,11.32,10.87,10.84,11.11,10.89,10.52,11.26,10.92,9.94,9.71
6.11,6.36,5.63,6.04,5.54,4.92,6.11,5.05,4.78,6.69,7.07,5.88,5.65,5.38,5.45,5.45,6.52
11.84,12.0,11.45,10.95,10.73,10.54,12.04,11.36,10.49,13.07,13.01,12.21,11.52,11.62,11.29,11.92,11.56
4.11,4.0,2.89,3.08,2.13,2.42,3.71,3.08,2.32,4.61,4.2,3.3,2.81,2.98,3.21,2.73,3.75
6.22,6.42,5.9,6.22,5.43,5.21,6.08,5.42,4.95,6.76,6.95,6.21,5.78,6.53,5.95,5.6,6.49
6.16,5.95,5.43,5.09,4.63,4.82,5.56,5.8,5.25,5.93,6.0,6.08,5.93,6.19,5.36,4.3,5.0
3.98,3.98,3.52,3.97,3.79,3.02,3.75,3.7,3.33,4.63,4.25,3.92,4.54,4.01,3.32,3.29,4.44
3.98,3.95,2.23,3.18,2.69,1.48,2.65,3.16,2.68,4.15,3.47,3.42,3.74,3.28,1.63,2.32,3.37
4.68,4.36,3.98,3.56,3.2,3.28,4.06,3.93,3.54,4.62,3.87,4.53,4.47,4.69,3.93,3.67,4.84
4.22,4.24,3.56,3.65,2.91,2.83,3.8,3.24,2.64,4.26,4.27,3.66,3.52,3.86,3.12,2.48,3.3
4.73,4.58,4.55,5.07,4.27,4.1,4.74,4.21,3.46,4.02,4.4,4.14,4.22,5.64,4.88,3.14,3.97
9.62,10.13,9.55,10.12,9.48,9.07,9.41,8.7,8.45,10.08,10.66,9.72,9.44,9.57,9.69,9.66,10.06
5.3,5.0,4.88,5.43,4.75,4.57,4.75,4.98,5.05,6.34,6.82,7.21,6.44,5.03,4.87,4.2,6.6
5.74,5.63,5.38,5.29,4.57,4.42,5.81,5.4,4.62,6.26,6.25,5.48,5.33,5.65,5.15,4.77,5.33
10.15,10.07,9.42,9.99,8.81,8.58,9.86,9.24,8.67,11.21,11.18,10.07,9.44,9.83,9.38,9.52,9.81
6.21,6.24,6.11,6.38,5.55,5.56,6.65,6.06,5.33,6.33,6.52,5.96,6.21,7.12,6.57,5.09,5.92
8.26,8.34,7.71,8.28,7.3,6.83,8.19,7.85,7.01,8.67,9.74,8.66,8.04,8.42,7.74,8.4,8.85
6.85,6.83,6.2,7.35,6.03,5.85,7.03,6.07,5.44,8.24,8.5,7.06,6.7,7.38,6.62,6.95,7.63
4.88,4.53,3.38,3.65,3.44,2.95,3.8,3.85,3.32,3.5,3.39,4.2,4.04,4.28,3.13,2.08,3.92
8.35,8.32,7.8,8.28,7.98,7.0,8.3,7.36,7.74,8.9,9.05,7.93,7.94,8.86,8.44,5.97,9.17
9.93,9.96,8.91,10.02,8.57,8.07,10.03,8.68,8.09,11.09,11.35,9.95,9.33,9.41,8.76,9.34,9.76
7.48,7.55,7.21,8.11,7.05,6.83,7.23,7.02,6.82,7.64,8.13,7.68,7.39,7.68,7.23,6.61,7.05
12.37,12.13,12.3,12.48,12.44,12.01,12.43,12.1,11.68,12.4,12.15,12.03,12.34,12.94,12.36,11.41,11.48
10.17,9.93,9.59,9.87,9.21,9.54,10.32,9.73,9.23,9.53,9.7,9.68,9.93,10.59,9.93,8.79,8.88
9.28,9.86,9.03,9.71,8.85,8.49,9.17,8.05,8.09,10.29,10.83,9.52,9.02,9.31,9.12,9.85,10.25
5.12,5.1,4.35,4.46,3.66,3.76,4.56,4.2,3.88,5.2,5.09,4.75,4.47,4.69,4.14,3.36,4.71
11.3,11.64,11.25,11.55,11.19,10.79,11.2,10.81,10.45,11.56,11.79,11.16,10.72,10.27,10.92,10.93,11.03
7.87,8.03,7.73,8.07,6.84,6.71,7.79,7.34,7.16,8.54,8.61,8.19,7.55,8.0,7.64,7.12,7.93
6.79,6.66,6.22,5.74,4.83,4.7,6.2,5.61,5.21,7.1,6.68,6.25,5.68,5.77,5.13,4.48,5.16
7.65,7.36,7.43,6.8,5.38,5.42,6.57,6.89,6.7,7.84,7.38,7.08,6.86,6.76,5.9,5.36,6.39
5.39,5.42,4.69,4.76,3.49,3.4,4.58,4.12,4.03,5.82,5.8,5.19,4.6,4.53,3.63,4.47,5.37
8.25,8.53,8.19,8.53,7.23,7.01,8.24,7.43,7.33,9.11,9.39,8.51,7.94,8.68,7.94,7.76,8.55
5.24,5.26,4.39,3.96,2.41,2.51,4.19,4.03,3.71,5.63,5.29,4.78,4.14,3.73,2.92,3.12,3.83
6.36,6.28,5.91,5.75,5.33,5.1,6.5,5.8,5.22,6.75,6.76,6.45,5.98,6.19,5.88,5.44,6.06
7.11,7.12,5.81,5.74,5.22,5.24,6.61,5.89,5.05,7.37,8.35,7.12,6.3,5.62,5.52,7.04,7.45
7.86,7.5,7.3,7.34,6.73,6.5,6.88,7.13,7.01,7.82,7.73,7.56,7.38,7.48,7.15,6.23,6.15
6.16,6.07,5.68,5.43,4.18,4.38,5.89,5.54,5.17,7.08,6.64,5.97,5.46,5.61,4.71,4.41,5.08
4.84,4.77,3.83,3.97,3.25,3.02,4.44,3.81,3.55,5.17,5.19,4.46,4.17,4.18,3.44,2.68,4.55
6.15,5.95,5.76,5.68,5.06,4.96,5.83,5.59,4.95,5.84,5.73,5.86,5.78,6.26,5.67,4.42,5.08
4.62,4.02,3.61,4.39,3.92,4.13,3.8,3.99,3.73,4.34,4.27,4.22,4.82,4.88,4.7,2.4,4.63
6.22,6.27,5.67,6.68,6.09,5.82,6.06,5.56,5.33,6.08,6.76,6.18,5.7,6.23,6.31,6.05,6.31
7.62,8.08,7.34,8.08,7.21,6.84,7.54,6.67,6.64,8.29,8.95,7.83,7.69,7.46,7.35,7.93,8.72
4.71,4.46,4.45,4.45,3.6,3.56,4.99,4.75,3.97,4.77,4.5,4.61,4.59,5.31,4.44,2.26,4.06
5.18,5.09,4.35,3.45,2.48,3.54,2.97,4.05,3.59,3.98,4.6,4.96,4.5,4.21,2.95,2.54,2.75
5.8,5.81,5.3,5.29,5.01,5.08,6.05,5.36,5.04,6.67,6.6,6.1,5.35,5.38,5.21,5.48,6.2
9.82,10.17,9.57,9.61,8.87,8.92,9.81,8.62,8.78,10.85,10.9,9.97,9.32,9.08,9.31,9.63,9.97
5.98,5.2,5.69,5.05,4.69,4.34,4.55,5.41,5.64,5.42,4.91,5.02,5.24,5.48,5.18,4.82,5.49
6.85,6.66,6.39,6.56,5.84,5.77,6.85,6.37,5.71,7.0,7.02,6.63,6.44,6.94,6.28,5.64,6.24
3.99,3.59,2.5,2.83,2.0,2.07,3.31,2.68,2.58,4.23,3.56,3.29,3.24,3.56,2.93,1.0,3.21
6.67,6.66,5.39,6.21,5.44,4.77,6.68,5.31,4.72,8.29,8.32,6.62,6.19,5.43,5.5,6.39,7.6
10.31,10.37,9.34,10.26,9.14,8.59,10.14,8.7,8.08,11.7,11.53,10.35,9.63,9.4,9.09,10.26,10.9
7.79,7.69,6.22,7.11,5.96,5.75,7.54,6.11,5.35,9.51,9.05,7.33,7.12,5.9,6.05,7.94,8.53
7.35,8.06,6.84,8.19,7.29,6.52,7.4,5.94,6.35,8.6,9.42,7.81,7.4,6.41,6.91,8.09,9.19
7.73,8.24,7.68,8.36,7.4,6.9,7.99,6.79,6.87,8.66,8.79,7.61,7.35,6.9,7.28,7.74,8.52
4.56,4.5,4.1,4.05,3.35,3.41,4.08,4.01,3.56,4.05,3.78,4.13,4.28,4.79,3.65,1.29,2.66
6.28,5.98,5.8,5.55,4.79,4.73,5.79,5.71,5.22,6.38,6.59,6.17,5.63,5.9,5.62,4.9,5.61
6.38,6.09,5.71,6.33,4.99,5.14,6.42,6.01,5.03,6.55,6.61,6.06,5.84,5.67,5.78,5.63,5.52
10.34,10.71,10.05,10.48,9.92,9.38,10.79,9.21,9.03,11.89,11.67,10.73,9.94,9.62,10.04,10.26,11.03
7.81,8.14,7.79,7.95,7.29,7.0,7.61,6.9,6.58,8.69,8.88,7.99,7.48,8.08,7.63,7.63,8.34
7.75,8.32,7.6,8.4,7.38,6.92,8.42,6.81,6.74,9.41,9.93,8.48,7.61,7.82,7.62,8.01,9.14
9.27,8.99,8.67,8.78,7.76,8.16,9.17,9.28,8.6,9.01,9.31,9.1,8.84,10.11,8.93,7.62,7.96
6.89,6.85,6.44,6.72,6.37,6.31,6.89,6.44,5.85,7.66,6.99,6.72,6.87,6.95,6.73,5.89,5.89
3.83,3.69,2.68,3.02,2.35,2.19,3.39,2.62,1.72,4.27,4.66,3.58,3.16,2.92,2.71,2.84,4.69
8.64,9.31,8.09,9.76,8.72,8.05,8.74,7.48,7.71,9.68,10.44,9.13,8.85,8.55,7.84,9.21,10.15
5.27,5.31,4.8,5.1,4.36,4.03,5.01,4.43,3.82,5.45,5.93,4.86,4.9,4.95,4.59,4.59,5.91
5.81,5.38,4.88,4.83,4.1,3.97,5.41,5.0,4.37,5.86,5.67,5.07,4.86,5.1,4.97,3.41,4.16
5.87,5.72,5.09,5.27,4.16,4.21,5.65,5.24,4.58,6.03,6.11,5.38,5.43,5.17,4.45,4.29,4.77
7.13,7.15,6.61,7.0,5.98,5.98,7.08,6.39,5.76,7.9,7.82,7.03,6.77,7.18,6.43,6.23,6.99
6.67,6.69,6.64,6.88,5.9,5.95,6.93,6.53,5.98,7.34,7.63,6.89,6.49,7.04,6.36,6.56,6.78
5.27,5.85,5.31,5.51,4.63,4.52,5.36,4.62,4.3,5.65,6.41,5.31,5.11,5.33,4.88,5.32,6.24
7.52,8.02,6.97,7.45,6.39,6.48,7.8,7.17,6.13,7.86,8.34,7.52,7.37,7.87,7.19,6.43,6.78
9.34,9.45,9.06,9.14,8.12,7.92,9.28,7.97,8.02,10.57,10.69,9.21,9.02,8.26,8.71,9.62,10.2
4.42,4.29,3.45,3.57,2.72,3.14,3.95,3.71,2.82,4.96,5.25,4.37,4.21,3.42,3.05,3.54,4.77
6.99,6.79,6.26,6.22,5.52,5.83,6.35,6.58,6.14,6.59,6.76,6.73,6.49,6.5,6.05,6.37,6.27
7.28,7.23,6.66,6.97,6.41,6.11,7.17,6.57,5.83,8.28,8.45,7.49,6.88,6.91,6.39,6.86,7.54
9.81,10.21,8.48,9.47,8.55,8.11,9.38,8.79,8.12,10.35,11.45,9.96,9.43,8.29,8.79,10.45,10.62
4.75,4.72,3.93,4.01,3.88,3.95,5.1,3.96,3.19,5.66,5.29,4.23,4.08,4.06,3.88,3.39,5.1
0.0,0.0,0.0,0.0,0.0,0.0,0.0,0.0,0.0,0.43,0.0,0.0,0.0,0.0,0.5,0.0,0.0
9.49,9.9,7.83,8.67,7.84,6.95,9.01,7.93,7.25,10.44,11.78,9.74,9.28,7.75,8.37,10.05,10.66
7.63,7.19,7.26,8.05,7.11,6.05,7.31,6.97,6.33,7.75,7.67,6.8,6.81,7.58,6.97,7.07,8.2
5.79,5.89,5.14,5.37,4.65,4.43,5.89,4.63,4.4,6.96,7.61,6.26,5.74,5.27,5.33,5.89,7.39
7.99,8.38,7.58,8.26,7.33,6.97,8.61,6.68,6.54,10.12,10.35,8.84,7.86,7.42,7.56,8.63,9.58
8.91,9.26,8.85,9.73,8.77,8.36,9.44,8.37,8.24,10.41,10.43,9.65,8.89,9.53,8.92,8.89,9.57
7.91,8.07,7.63,8.05,7.11,6.89,7.83,7.28,6.93,8.53,8.69,8.1,7.81,8.38,7.64,7.36,8.0
5.21,5.27,4.17,4.58,4.09,3.76,4.71,4.04,3.54,5.57,5.74,4.55,4.47,4.79,3.97,2.65,4.67
8.22,8.38,8.01,7.76,7.69,7.58,8.16,7.58,7.22,8.91,8.59,8.3,7.89,7.98,7.89,8.43,8.24
8.44,8.64,8.35,8.89,8.19,7.56,8.72,7.67,7.57,9.85,10.12,9.02,8.34,8.75,8.12,8.38,9.3
9.51,9.59,8.65,9.27,8.24,8.06,9.6,8.74,7.86,10.35,11.28,9.95,9.65,9.15,8.96,9.85,10.35
5.71,5.9,5.38,5.67,5.07,4.88,5.32,4.93,4.54,5.31,5.61,5.09,5.33,5.05,5.37,4.61,5.5
8.61,8.58,7.97,8.51,7.63,7.58,8.27,8.2,7.11,7.87,8.65,8.33,8.4,8.76,8.41,7.22,7.43
7.25,6.52,6.34,6.49,6.53,5.88,6.64,6.45,6.25,6.67,6.76,6.44,6.22,6.94,6.82,6.01,6.43
12.67,12.57,12.55,12.54,12.26,11.96,12.9,12.22,11.78,13.56,13.21,12.78,12.36,12.36,12.52,12.01,12.36
5.76,5.65,5.29,5.47,4.63,4.45,5.95,5.38,4.62,5.97,6.0,5.53,5.36,5.97,5.62,4.04,5.16
6.39,6.35,6.07,6.35,5.5,5.43,6.45,6.09,5.57,6.38,6.49,6.31,6.22,6.5,5.95,4.84,5.65
8.38,8.22,7.48,6.98,4.93,6.99,7.88,8.41,7.91,7.52,7.95,7.13,7.98,8.74,7.89,6.32,6.47
6.08,5.57,4.84,5.12,4.14,3.86,5.24,4.93,4.36,6.1,6.15,5.38,4.87,4.88,4.2,3.48,4.57
6.12,5.92,5.61,5.78,5.53,5.22,6.37,5.94,5.09,6.06,5.93,5.74,5.75,6.17,5.86,4.47,5.31
5.9,6.01,5.31,5.81,5.0,4.55,5.39,4.72,4.26,5.95,6.13,5.51,5.7,5.56,5.34,3.77,5.95
10.51,10.61,9.84,10.49,9.77,9.7,11.08,10.1,9.33,11.61,11.31,10.44,10.09,10.48,10.08,10.01,10.22
5.45,5.58,4.77,5.35,4.79,4.73,5.3,4.58,4.59,6.02,6.18,5.32,5.11,4.76,5.11,5.38,6.04
5.2,5.19,4.89,4.47,4.52,3.88,5.18,4.7,4.25,5.48,5.9,4.83,4.69,4.98,4.3,4.62,5.64
10.85,10.97,10.24,10.64,10.02,9.81,10.71,10.09,9.42,12.02,11.62,10.88,10.32,10.61,10.01,10.5,10.78
3.48,3.45,2.26,3.0,2.3,2.24,2.81,3.0,1.87,3.79,3.86,3.0,3.06,2.64,2.63,2.24,4.16
4.24,4.21,3.35,3.79,3.27,3.47,4.2,3.42,3.02,4.32,4.25,4.04,3.63,4.27,3.51,2.39,3.89
6.31,6.39,5.19,6.39,5.17,4.55,6.33,4.8,4.79,7.51,7.87,6.21,6.03,4.75,4.9,6.24,7.79
7.77,7.66,7.03,7.19,6.38,6.44,7.83,7.12,6.29,8.78,8.31,7.71,7.48,7.3,6.59,6.97,7.43
5.97,5.99,5.79,6.06,5.04,5.02,5.71,5.43,4.93,5.71,5.83,5.65,5.62,6.48,5.63,4.06,5.26
5.38,5.27,4.49,4.96,3.94,3.89,5.18,5.09,3.71,5.11,6.03,4.98,4.8,4.59,4.5,4.73,5.28
5.36,5.22,4.32,4.43,3.74,3.61,4.98,4.33,4.08,5.89,5.86,5.04,4.46,4.27,4.15,3.11,4.68
8.04,8.18,7.3,7.89,6.94,6.46,8.21,6.48,6.5,9.1,9.61,8.1,7.73,6.86,6.8,7.77,9.09
4.78,4.66,4.13,4.42,3.54,3.51,4.01,3.98,3.73,5.31,5.2,4.47,4.21,4.45,3.63,2.25,4.29
7.06,7.11,6.47,6.66,5.93,5.71,6.92,6.02,5.35,8.11,8.1,6.96,6.61,6.92,6.1,6.7,7.42
6.82,6.64,5.53,5.96,5.18,4.94,6.8,5.34,4.81,7.87,7.9,6.79,6.41,5.7,5.77,6.23,7.12
14.95,14.68,14.97,14.91,14.81,14.53,14.84,14.71,14.38,14.15,14.02,13.83,14.29,14.29,13.94,13.78,13.78
8.32,8.62,7.56,8.3,7.11,6.78,7.85,7.46,6.74,8.95,10.07,8.74,8.61,7.98,7.9,8.61,9.27
3.77,3.59,3.19,3.04,2.3,2.18,3.53,3.12,2.37,3.19,2.46,3.26,3.44,3.81,2.59,0.0,2.81
8.11,7.84,7.46,7.21,6.4,6.65,7.52,7.75,7.78,8.32,8.03,8.16,7.64,7.53,7.32,7.2,7.0
7.26,7.4,6.52,6.8,6.01,5.71,7.6,5.89,5.64,8.2,8.44,7.26,6.8,6.59,6.09,6.71,8.05
5.81,5.91,5.62,6.24,5.7,5.84,7.09,5.7,4.82,6.81,6.99,5.81,5.54,6.52,6.05,5.53,6.53
5.54,5.45,4.91,5.8,5.15,5.2,5.77,4.95,4.41,6.6,6.31,5.16,5.09,4.76,5.46,5.79,7.0
9.02,9.14,8.87,9.56,8.46,8.3,9.11,8.56,8.04,9.36,9.81,9.29,8.58,9.39,8.53,7.82,8.79
9.0,9.28,8.43,9.28,8.03,7.57,9.16,7.67,7.55,10.76,10.66,9.25,9.13,8.32,8.19,9.13,9.75
9.87,10.16,9.01,9.51,9.19,8.72,9.74,9.36,8.84,10.22,10.58,9.57,9.17,8.83,9.26,9.44,9.58
10.0,10.58,9.8,10.38,9.78,8.87,10.33,8.94,8.93,11.67,11.51,11.03,10.83,10.12,9.7,10.35,11.04
7.89,7.86,7.12,7.96,7.06,6.61,7.78,6.86,6.13,8.66,8.78,7.75,7.6,6.9,6.96,7.72,7.16
6.87,6.4,5.55,5.7,4.98,5.39,5.54,6.13,5.82,6.37,6.58,6.5,6.23,5.94,5.05,5.02,5.31
4.84,4.82,3.7,4.17,2.98,3.07,5.08,4.2,3.17,5.45,5.48,4.26,4.21,3.91,3.33,3.94,4.51
11.38,11.5,10.9,11.63,10.79,10.54,11.78,10.92,10.34,12.58,12.59,11.56,11.1,11.5,11.06,10.95,11.34
5.42,4.9,4.27,4.76,4.16,4.01,5.15,4.78,4.17,5.8,5.3,4.99,5.05,4.6,4.12,4.42,4.88
6.91,6.94,6.22,6.59,5.87,5.44,7.07,5.7,5.36,7.83,7.9,7.02,6.55,5.57,5.8,6.76,7.97
5.66,5.99,5.51,6.06,5.39,4.85,5.42,4.64,4.46,6.05,6.67,5.58,5.29,4.98,5.17,5.58,6.75
5.15,5.12,3.68,4.0,4.07,3.57,5.06,4.12,3.59,5.61,6.15,4.54,4.16,3.71,3.96,4.61,5.04
10.88,11.19,11.0,11.5,10.59,10.29,11.72,10.42,10.34,12.02,12.1,11.49,10.89,11.65,11.22,10.56,11.25
5.39,5.43,4.88,5.05,4.51,4.15,5.17,4.56,4.28,6.0,6.23,5.42,4.77,5.07,4.71,4.43,5.82
5.43,5.6,4.81,4.93,4.45,4.1,5.27,4.1,3.86,6.07,6.29,5.22,4.79,4.59,4.35,4.33,5.79
7.16,7.3,6.72,7.15,6.43,6.16,7.52,6.41,6.02,8.28,8.18,7.39,7.22,6.66,6.52,7.06,7.85
3.99,4.17,3.6,4.54,3.65,3.3,3.83,3.44,3.41,3.88,3.78,3.81,3.85,4.0,3.7,2.85,3.98
4.91,4.8,3.85,3.77,3.15,3.05,4.95,4.26,3.24,5.21,5.38,4.21,4.06,4.32,3.75,3.43,4.07
5.03,4.93,5.21,5.28,4.13,4.03,4.69,4.89,4.34,5.37,5.54,4.64,4.71,4.62,4.81,4.02,5.47
10.28,10.01,9.43,9.13,8.65,9.05,9.76,10.1,10.35,10.88,10.66,10.8,9.88,9.98,9.51,9.75,9.53
9.19,9.06,8.47,8.77,7.72,7.61,8.29,8.01,7.77,9.67,9.34,8.98,8.53,8.63,7.94,7.88,7.74
6.41,6.38,5.25,6.0,5.06,5.04,6.14,5.07,4.5,7.86,8.67,7.08,6.2,5.3,4.96,6.14,7.72
11.94,12.22,12.12,12.22,11.85,11.49,11.85,11.21,11.24,12.33,12.21,11.9,11.87,11.53,11.83,11.76,12.03
1.98,1.42,1.36,1.79,0.9,2.06,2.16,2.4,2.04,2.78,2.65,2.29,1.13,1.39,1.98,1.4,1.33
9.5,9.74,8.97,9.61,8.83,8.45,9.37,8.01,7.93,11.09,11.18,9.95,9.18,9.03,8.94,9.94,10.73
8.95,9.25,8.08,9.26,8.2,7.76,9.15,7.87,7.72,10.27,10.58,9.33,8.61,8.21,7.85,9.19,9.84
12.55,12.29,12.14,12.24,11.94,11.65,12.47,11.78,11.39,13.37,12.86,12.29,12.17,12.27,12.01,11.79,11.9
5.97,5.71,5.29,5.1,5.72,6.17,6.49,6.16,5.63,6.1,5.68,5.49,5.27,5.48,6.16,6.52,6.6
6.41,6.1,4.94,5.53,4.79,4.43,6.39,4.92,4.16,7.46,7.52,6.21,5.84,5.52,5.04,5.58,7.12
4.64,4.17,2.43,4.27,3.65,2.55,2.91,4.1,3.89,4.32,4.54,4.14,4.55,5.26,3.79,2.08,3.68
7.54,6.95,6.66,6.47,5.73,5.69,6.16,5.94,5.95,6.86,7.15,6.67,6.49,6.6,6.28,5.79,7.12
4.47,4.5,3.97,4.08,3.28,3.35,3.77,3.47,3.36,4.29,4.45,4.17,4.04,3.99,3.51,2.5,4.08
7.76,8.06,7.36,7.96,6.86,6.63,7.78,6.69,6.49,8.4,8.73,7.67,7.44,7.39,7.16,7.5,8.4
9.38,9.67,9.11,9.25,8.8,8.51,10.23,8.45,8.5,10.97,10.8,9.61,8.95,8.97,9.0,9.41,10.04
7.47,7.63,7.23,7.64,6.62,6.25,7.14,6.5,6.14,7.66,8.26,7.48,7.2,7.8,6.93,6.8,7.33
5.31,5.33,4.93,5.48,4.44,4.45,5.29,5.0,4.19,5.68,5.33,5.04,4.95,5.71,4.66,4.37,4.81
8.78,8.59,8.28,7.96,7.43,7.56,8.26,8.41,7.68,8.29,8.65,8.67,8.3,8.82,8.06,6.78,7.4
6.23,5.96,5.1,5.31,4.53,4.44,6.04,4.65,4.3,7.24,7.59,6.29,5.44,5.22,5.08,5.62,6.98
0.0,0.79,0.5,1.29,0.0,0.0,0.79,3.23,0.0,1.56,3.47,1.66,0.0,0.53,2.1,4.16,2.61
11.7,12.01,10.42,11.37,10.01,9.59,11.21,10.44,9.34,12.03,13.23,12.05,11.48,10.12,10.69,12.04,12.2
10.93,11.11,10.19,11.08,10.26,9.8,11.07,9.82,9.44,12.28,12.1,11.31,10.63,10.39,10.25,10.86,11.35
11.08,11.03,10.12,11.03,10.22,9.66,11.43,9.86,9.16,12.67,12.64,11.38,10.67,9.99,10.58,10.98,11.48
4.11,4.08,3.21,3.66,3.72,3.9,4.98,4.02,2.83,4.52,4.04,3.36,3.28,3.09,3.76,4.01,4.17
7.67,7.66,7.11,7.75,6.83,6.47,7.16,6.65,6.14,8.23,8.73,7.08,7.06,7.22,6.43,7.58,8.55
6.21,6.14,5.81,5.43,4.91,4.52,5.79,5.39,5.66,6.96,6.72,6.14,5.56,5.71,5.04,4.42,5.41
6.55,6.48,6.15,5.88,5.1,4.98,6.16,5.63,5.69,7.3,7.11,6.58,6.09,6.14,5.85,5.54,6.33
8.94,9.17,8.96,9.03,8.36,8.14,9.22,8.24,7.86,9.55,9.73,8.97,8.61,8.97,8.72,8.42,9.31
6.62,6.56,6.28,5.36,4.64,4.4,5.8,5.62,5.74,7.22,6.53,6.24,5.88,5.67,4.7,3.93,4.97
6.07,6.13,5.44,5.52,4.61,4.39,5.66,4.68,4.99,7.04,6.83,5.83,5.39,4.68,4.69,5.43,6.9
6.81,6.8,5.88,5.75,5.34,4.72,6.16,6.23,5.86,6.72,7.68,6.46,6.3,5.95,5.58,5.92,6.1
8.14,8.13,6.96,8.17,6.83,6.46,8.28,6.85,6.23,9.82,9.87,8.34,7.69,6.72,6.71,8.4,9.13
5.7,5.13,4.6,4.45,3.54,3.03,5.24,4.41,3.85,6.5,5.9,4.94,4.69,4.06,4.23,4.62,5.52
5.69,5.43,4.54,4.7,3.95,3.78,5.43,4.42,4.12,6.35,5.94,5.37,4.84,4.4,4.34,4.89,5.77
9.97,9.74,9.16,9.68,8.66,8.57,9.79,8.91,7.88,10.76,11.35,9.76,9.57,9.5,8.98,9.48,10.23
7.44,7.12,6.33,6.36,5.93,5.91,6.92,6.23,5.61,7.78,7.88,6.98,6.9,6.46,6.2,6.08,6.9
6.87,6.37,6.26,6.04,5.72,5.85,6.9,6.99,6.42,6.75,7.07,6.98,6.74,7.19,6.37,5.7,6.02
7.5,7.87,7.07,7.64,6.88,6.49,7.61,6.32,6.11,9.12,9.49,8.21,7.16,7.01,6.86,7.94,8.85
13.08,13.1,12.85,13.15,12.85,12.3,12.93,12.28,12.25,14.07,13.46,13.14,13.1,12.44,12.72,12.68,12.6
6.7,6.91,6.1,6.48,5.91,5.43,6.16,5.51,5.49,7.31,7.46,6.61,6.19,5.48,5.84,6.16,7.06
6.24,6.27,5.38,5.31,4.64,4.56,5.63,5.43,4.68,6.56,7.18,6.29,5.87,5.09,5.09,5.52,6.04
9.81,9.94,9.6,10.15,9.57,9.48,9.98,9.54,9.43,9.77,9.63,9.09,9.33,10.04,9.6,9.29,9.4
0.0,0.0,0.0,0.0,0.0,1.29,1.79,1.87,0.0,0.33,0.0,0.0,0.0,0.0,0.0,0.0,0.0
1.0,1.1,1.58,0.0,0.0,0.0,0.0,0.79,0.0,1.03,1.17,0.17,0.5,0.4,0.5,2.4,1.99
0.0,0.0,0.0,1.0,0.5,0.0,4.52,1.29,0.0,0.0,0.0,0.0,1.16,0.0,0.0,0.0,0.0
2.7,1.81,1.26,0.0,0.83,0.0,1.16,1.48,1.79,2.14,3.08,2.29,1.5,1.03,1.5,3.34,1.81
5.34,5.02,4.84,4.49,3.87,4.29,5.54,5.13,4.4,4.87,4.74,4.45,4.52,4.79,4.4,3.62,3.56
8.85,8.82,8.56,8.22,8.03,7.94,8.21,8.38,7.52,8.32,8.57,8.2,8.01,8.24,8.25,7.86,7.99
1.19,0.4,1.19,1.2,1.0,2.02,2.87,2.45,1.5,2.55,2.36,1.26,0.79,1.44,2.55,0.95,1.05
0.96,1.9,2.02,0.67,0.0,1.16,2.63,1.0,1.26,2.4,1.42,1.82,1.05,0.5,0.4,1.79,1.15
0.75,0.25,0.83,0.0,0.65,0.0,2.04,0.0,0.6,2.72,1.1,0.0,0.9,1.04,1.58,1.58,0.79
9.78,9.29,8.9,9.56,8.88,8.58,9.88,9.42,8.34,9.95,9.86,9.04,8.67,9.51,8.86,8.9,8.37
4.57,4.24,3.89,2.99,2.88,3.28,3.34,4.5,3.61,4.03,3.55,4.15,4.07,4.25,3.95,2.16,2.62
2.17,1.97,2.45,2.15,2.28,2.28,2.74,3.37,2.99,2.43,2.98,2.05,1.75,2.37,2.34,2.29,2.37
4.14,3.98,3.58,3.3,2.51,2.73,2.78,3.7,3.39,2.31,2.77,3.09,3.25,4.05,3.24,0.0,0.0
8.57,8.56,6.87,8.27,6.13,5.96,8.19,6.68,5.7,9.46,10.48,8.38,8.16,6.24,6.68,8.3,8.64
8.61,8.63,7.18,7.94,7.05,6.44,8.57,7.23,6.2,9.38,10.25,8.29,8.3,6.96,7.27,8.37,9.22
7.16,6.96,6.63,5.97,5.77,6.13,6.6,6.77,6.62,7.44,7.05,6.98,6.4,6.5,6.06,5.78,5.98
6.29,6.29,5.89,5.88,5.49,5.22,5.58,5.4,5.51,6.75,6.37,6.03,5.75,5.78,5.45,4.12,4.93
6.76,6.37,6.17,6.56,5.5,5.53,6.55,6.16,5.31,7.08,7.06,6.53,6.87,7.02,6.16,5.1,6.6
11.3,11.36,9.92,10.89,9.73,9.72,11.05,10.13,9.2,11.52,12.21,10.89,11.08,10.59,10.71,10.78,10.86
8.97,9.22,8.78,9.47,8.71,8.42,9.12,8.77,7.73,9.02,9.48,8.89,8.85,9.15,9.07,8.0,8.6
8.39,8.38,7.72,8.34,7.2,7.44,8.82,8.28,7.09,8.84,9.02,8.59,8.39,8.16,8.07,7.57,8.12
5.52,5.39,4.94,5.89,4.35,4.09,5.21,4.81,4.72,5.67,5.57,5.0,5.02,6.03,4.51,3.67,4.69
5.61,5.22,3.76,4.27,3.69,3.01,5.29,4.32,3.8,5.8,5.79,5.11,5.11,5.02,3.82,2.04,4.75
5.12,5.01,4.43,4.61,3.16,3.19,3.65,4.62,3.68,4.23,4.84,4.59,4.86,5.54,4.3,1.5,3.09
5.22,5.09,4.65,4.61,3.87,3.91,4.9,4.78,3.95,5.42,5.38,4.85,4.66,4.78,4.47,3.39,4.66
9.76,10.1,9.74,10.56,9.6,9.18,9.76,8.81,8.76,10.44,11.08,9.95,9.69,10.26,9.98,9.98,10.41
5.77,5.56,4.9,5.26,4.32,3.98,5.53,4.98,4.39,6.27,6.2,5.31,5.06,5.19,4.77,3.25,5.16
8.38,8.42,8.18,8.5,7.35,7.19,7.88,7.49,6.7,7.97,8.04,7.74,8.37,9.08,8.55,7.71,7.15
7.0,6.74,6.41,6.25,5.4,5.62,6.57,6.75,6.06,6.45,6.67,6.7,6.41,7.08,6.5,4.94,5.68
8.99,9.2,8.07,8.81,7.82,7.59,9.1,8.26,7.51,10.11,10.02,8.87,8.28,7.93,7.46,8.58,8.97
3.14,3.03,1.25,3.31,0.0,0.0,1.5,1.99,2.13,4.07,3.38,2.73,1.75,2.44,1.5,0.0,1.95
1.51,2.15,2.03,1.6,1.03,0.5,3.08,2.08,1.46,3.66,3.61,3.0,2.38,1.72,1.63,2.47,2.46
5.03,4.97,4.61,4.55,3.83,4.01,4.9,4.77,4.33,5.09,4.87,4.59,4.73,4.79,4.51,2.97,3.31
0.0,0.0,0.0,0.0,0.0,1.29,5.62,1.6,1.0,0.0,0.0,0.0,1.29,0.0,0.0,0.0,0.0
5.85,6.05,5.54,6.28,5.6,5.05,5.58,4.89,4.8,5.87,6.6,5.82,5.72,5.19,5.57,5.4,6.53
9.38,9.79,9.19,9.79,9.07,8.74,9.66,8.77,8.5,10.33,10.28,9.68,9.14,9.97,9.45,9.24,9.71
9.6,9.97,9.19,9.3,8.67,8.5,10.11,9.12,8.45,11.0,11.23,9.87,9.79,9.31,9.01,9.6,9.76
5.6,5.61,5.2,5.33,4.52,4.28,5.14,4.75,4.39,5.88,6.09,5.48,5.26,5.46,4.75,4.21,5.13
5.11,5.04,4.56,4.93,4.0,4.12,4.82,4.69,4.44,6.3,5.55,4.87,4.81,4.59,4.48,4.75,5.57
3.45,2.38,1.93,3.33,1.33,2.73,3.57,2.64,3.45,3.62,3.09,3.39,2.46,3.1,2.61,0.9,3.2
2.36,2.04,0.5,1.26,0.8,0.79,1.04,2.07,1.6,3.35,0.0,1.53,1.0,2.23,3.58,0.0,0.0
7.07,7.1,6.25,7.1,6.55,5.44,6.93,6.1,5.71,7.88,8.25,6.91,6.63,6.86,6.13,6.81,8.5
8.04,8.19,7.86,8.46,7.59,7.29,8.07,7.59,7.26,8.31,8.32,8.06,7.94,7.99,7.86,7.75,7.91
6.61,6.85,5.89,6.16,5.71,5.44,6.11,5.26,5.13,6.93,7.24,6.36,6.06,5.6,5.82,6.11,6.87
6.65,6.67,4.68,5.05,4.37,4.24,5.54,4.94,4.01,6.94,8.11,6.48,6.03,4.6,4.83,7.19,8.09
3.96,4.0,2.97,4.65,4.09,3.81,4.28,3.74,3.18,4.04,4.24,3.96,3.93,3.71,4.18,3.17,4.91
6.1,6.12,5.72,5.51,4.76,4.82,6.04,5.35,4.99,6.73,6.47,6.06,5.54,5.67,5.49,5.18,5.77
5.14,5.17,4.6,4.75,3.95,3.66,4.97,4.18,3.76,5.37,5.41,4.6,4.48,4.75,4.18,2.99,4.71
5.37,5.05,4.74,4.78,4.07,4.06,5.31,4.95,4.51,5.74,6.0,5.41,4.94,5.12,4.76,4.09,5.22
12.47,12.56,12.35,12.67,12.05,11.71,12.69,11.77,11.72,13.11,13.1,12.55,12.3,12.3,12.12,11.92,12.29
4.22,3.48,2.15,3.28,2.66,2.1,3.1,3.75,2.8,4.18,4.29,3.68,3.63,4.09,3.56,2.4,3.26
5.26,5.1,3.89,4.31,3.81,3.43,5.58,4.19,3.88,6.22,6.5,5.54,5.07,4.58,4.22,4.5,6.31
7.21,7.35,6.67,7.03,6.43,5.9,7.27,6.97,5.98,7.41,8.52,7.53,6.93,6.84,6.67,7.06,7.81
4.64,4.27,2.86,3.22,2.14,2.68,4.06,3.47,2.99,4.96,4.31,3.6,3.27,3.29,3.09,2.1,3.29
3.35,2.48,1.35,1.7,1.92,2.2,4.22,2.49,2.02,4.28,6.52,2.41,2.07,2.29,1.28,0.0,3.7
5.19,4.85,4.13,4.59,3.9,3.51,4.83,3.85,3.67,4.97,4.8,4.44,4.31,4.14,4.06,1.29,4.15
4.65,4.78,4.03,2.1,2.99,2.9,3.42,4.15,3.45,4.52,5.13,4.71,3.89,3.69,2.15,4.53,4.65
6.36,6.41,6.0,4.53,5.6,5.17,6.32,5.85,4.9,6.41,6.66,6.0,5.83,6.11,5.76,4.36,5.63
10.85,10.59,9.92,10.67,9.89,9.53,11.34,9.36,9.07,12.07,11.68,10.81,10.57,9.53,9.68,10.58,11.13
9.37,9.15,9.05,9.03,8.37,8.41,9.1,8.77,8.45,9.26,9.49,8.58,8.5,8.91,8.64,8.24,8.7
5.2,4.9,4.43,3.99,3.17,3.2,4.15,4.43,3.84,4.69,4.57,4.68,4.67,4.77,4.0,3.08,2.98
6.03,6.31,5.82,5.85,5.12,4.61,5.77,5.7,5.02,6.02,6.57,6.06,5.98,6.09,5.57,5.95,5.95
10.1,10.13,10.0,10.14,8.95,8.99,9.88,9.7,9.33,10.29,10.46,10.15,10.0,10.21,9.87,9.49,10.03
4.8,4.41,2.41,3.46,2.34,2.37,4.02,3.65,3.49,4.96,4.64,4.09,3.78,4.01,3.88,2.18,3.65
6.3,6.17,5.35,5.56,4.53,4.16,5.21,5.0,4.4,6.04,6.61,5.71,5.36,5.26,4.45,5.04,6.13
5.22,4.99,4.47,4.8,4.3,4.13,5.02,4.65,3.9,5.37,5.14,4.65,4.54,5.2,4.92,3.5,4.52
5.69,5.42,4.45,4.91,3.95,3.83,5.43,4.59,4.02,6.39,6.84,5.46,5.06,4.84,4.58,5.1,5.95
5.69,5.18,5.18,5.42,4.77,4.86,5.14,5.13,4.65,5.49,5.2,5.36,5.26,5.55,5.45,4.54,5.76
4.37,4.65,3.48,4.6,3.52,3.16,4.14,3.19,2.72,4.82,5.66,3.96,4.13,3.29,3.55,4.45,5.86
3.83,3.63,2.71,2.88,2.06,1.63,2.53,2.36,1.96,3.51,3.86,3.01,2.2,2.8,1.79,0.5,2.78
8.78,9.09,8.36,8.84,8.21,8.02,8.59,7.6,7.35,9.5,10.1,8.79,8.35,8.93,8.22,9.09,9.54
7.04,7.26,6.61,7.42,6.46,5.84,7.14,6.16,5.81,7.93,8.32,6.96,6.94,6.15,6.3,6.84,7.81
8.48,8.45,7.97,7.91,6.74,6.58,7.66,7.15,6.92,8.49,8.51,8.14,7.82,7.44,7.01,6.88,7.7
4.72,5.12,4.23,4.71,3.96,4.04,4.97,4.48,3.94,5.34,5.21,4.73,4.64,5.31,4.47,3.07,4.84
2.3,1.97,1.98,2.16,1.4,2.38,0.79,2.91,2.56,3.7,0.0,2.29,1.76,2.7,3.81,1.0,2.16
9.88,9.88,9.5,9.54,9.24,9.05,9.16,8.66,8.88,9.82,9.88,9.79,9.83,9.39,9.34,8.78,8.27
4.91,4.81,4.52,4.28,4.25,4.62,5.83,4.78,4.42,5.14,4.29,3.93,3.4,2.94,3.86,4.17,3.33
5.52,5.52,4.66,4.26,4.34,4.84,6.04,5.58,4.52,6.23,6.39,5.74,5.26,5.34,4.93,5.48,5.89
11.81,12.03,10.74,11.94,10.36,10.28,11.95,11.15,10.03,12.65,13.28,12.19,11.78,10.65,11.04,11.66,11.76
13.66,13.6,13.0,13.48,12.77,12.7,13.81,13.37,12.4,14.11,14.05,13.48,13.71,13.51,13.35,12.88,12.83
7.01,6.56,5.99,6.26,5.23,5.08,6.52,5.8,5.53,7.23,7.51,6.87,6.57,6.16,5.74,5.5,6.62
7.61,7.46,6.73,6.87,6.1,5.97,7.12,6.91,6.28,8.25,7.64,7.2,7.06,7.12,6.24,6.68,6.94
1.04,0.0,0.4,1.16,0.0,0.0,1.79,1.89,1.47,2.32,1.37,1.65,2.21,1.0,0.79,0.93,1.65
9.61,9.51,8.93,8.64,7.71,7.66,8.5,8.62,8.06,10.1,9.42,8.96,8.55,8.67,7.96,8.32,7.89
12.73,12.6,12.01,12.68,11.95,11.71,12.78,12.17,11.49,13.63,13.25,12.74,12.52,12.38,12.05,12.0,12.2
1.0,0.76,0.0,0.5,0.0,0.75,0.25,1.69,0.0,0.0,0.86,0.0,0.0,0.0,1.44,0.0,1.58
7.32,7.3,5.76,6.65,5.42,5.17,7.52,5.77,4.88,8.77,9.58,7.4,6.85,5.98,5.96,7.4,8.79
6.14,5.86,4.53,5.15,4.04,4.03,5.99,4.62,3.85,7.03,7.12,5.79,5.22,4.77,4.3,5.42,6.51
9.25,9.33,8.57,9.48,8.39,7.98,9.35,8.34,7.69,10.7,10.99,9.88,9.17,8.97,8.99,9.18,10.1
11.05,10.58,10.37,10.48,9.54,9.64,10.64,10.75,9.71,10.38,10.71,10.59,10.5,11.01,10.26,8.98,9.16
8.85,9.29,8.65,9.5,8.49,7.66,8.87,7.95,7.77,9.31,10.12,9.0,8.52,9.18,8.76,8.35,9.39
6.27,5.87,5.08,5.64,5.04,4.85,6.31,5.26,4.68,7.22,6.94,6.24,6.02,5.14,5.06,6.29,6.78
9.3,9.92,8.29,8.54,7.36,7.3,8.52,7.83,6.89,10.01,10.61,9.46,8.92,7.79,7.91,9.52,9.91
4.76,4.58,3.79,3.83,3.45,3.29,5.13,4.36,3.62,5.12,5.06,4.46,4.17,4.4,3.72,3.75,4.03
5.02,4.69,3.37,4.24,3.2,3.14,4.84,4.3,3.58,4.97,4.77,3.93,4.06,4.24,3.8,0.79,3.43
5.77,5.84,5.38,6.48,6.67,6.52,7.14,6.44,5.73,6.95,6.92,6.08,5.71,5.57,6.78,7.03,7.54
5.81,5.69,5.51,5.73,4.84,4.48,5.33,5.38,4.85,5.99,5.74,5.58,5.47,5.82,5.38,2.99,4.3
10.56,10.69,10.35,11.7,10.08,9.86,10.79,10.21,9.46,11.0,11.47,10.64,10.18,11.19,11.08,9.45,10.21
7.07,7.14,7.18,6.52,6.49,6.21,6.45,6.15,6.29,7.19,7.45,6.84,6.72,6.78,6.96,6.12,6.15
4.89,4.6,4.09,4.17,3.66,3.59,5.23,4.5,3.71,5.52,5.42,4.71,4.26,4.83,4.13,3.18,4.25
13.83,13.48,13.69,13.75,13.53,13.29,13.9,13.53,13.28,14.11,13.72,13.55,13.53,13.54,13.32,13.12,13.25
10.27,10.55,10.32,10.62,10.07,9.53,10.73,9.53,9.4,11.65,11.48,10.73,10.03,10.11,10.12,10.14,10.65
5.83,5.99,5.84,5.88,5.2,5.02,6.06,5.42,4.98,6.17,6.08,5.65,5.56,6.07,5.67,4.24,5.31
5.06,5.05,4.25,4.47,3.74,3.63,4.89,4.0,3.41,5.26,4.98,4.27,4.22,4.56,3.98,2.56,4.32
6.05,5.99,4.95,5.26,4.62,4.23,5.97,5.1,4.66,6.61,5.97,5.66,5.15,4.93,4.77,4.45,4.68
3.43,3.47,2.05,2.34,2.92,1.4,2.2,2.79,2.73,2.22,2.31,3.02,3.58,2.96,1.66,0.0,1.54
5.44,5.13,4.05,4.21,3.57,3.52,5.25,4.27,3.74,6.54,6.13,4.93,4.55,4.24,4.23,4.58,5.78
8.72,8.84,7.87,8.9,7.71,7.21,8.9,7.67,7.1,10.13,10.41,9.26,8.53,8.4,8.12,8.48,9.44
5.73,5.66,4.73,4.94,4.07,3.84,5.5,4.43,3.93,7.16,7.28,5.71,5.23,4.54,4.36,5.66,6.59
8.57,8.75,7.53,8.5,7.32,6.87,8.37,7.9,7.01,8.65,9.58,8.65,8.5,8.16,8.05,8.23,8.51
6.91,7.26,6.32,6.9,6.19,6.03,6.85,5.62,5.22,7.89,8.92,7.08,6.43,5.82,6.16,7.67,8.73
6.67,6.73,6.08,6.04,5.51,5.31,6.62,5.68,5.38,7.46,7.06,6.29,6.02,5.2,5.46,5.51,6.57
3.74,3.6,3.16,3.27,2.17,1.51,3.6,2.94,2.84,3.91,3.86,3.72,3.04,2.76,2.67,2.27,2.91
7.84,6.75,8.16,3.31,4.75,6.38,8.04,5.83,3.42,7.5,7.6,6.9,6.97,7.81,7.46,5.98,7.63
14.77,14.41,14.68,14.52,14.3,14.08,14.43,14.36,14.35,13.92,13.8,13.19,12.4,13.59,13.44,13.03,12.94
12.65,12.69,12.64,12.76,12.45,12.2,13.12,12.26,11.97,13.72,13.12,12.71,12.4,12.2,12.42,12.24,12.46
3.43,2.82,1.75,2.58,1.16,1.16,1.7,2.18,1.57,3.64,1.85,2.19,2.45,2.65,0.0,0.0,1.15
6.11,6.22,5.39,6.29,5.45,5.12,5.87,4.96,5.12,6.91,6.89,5.95,5.76,5.02,5.42,6.04,7.2
10.77,11.23,9.71,10.16,9.59,9.26,10.85,9.38,8.51,12.11,12.76,11.12,10.29,9.3,9.77,11.28,11.16
4.2,3.87,3.26,3.0,2.19,3.24,2.5,3.32,3.35,3.99,3.94,3.95,3.07,3.27,2.54,0.0,2.01
7.61,8.84,7.49,8.4,7.38,7.3,8.66,7.79,6.76,9.59,10.49,8.42,7.74,7.91,7.7,8.8,8.71
11.07,11.38,11.06,12.37,11.19,10.45,11.21,10.36,10.64,12.12,12.21,11.34,11.46,10.85,10.9,11.01,11.34
9.07,9.21,9.11,10.14,9.35,8.95,9.87,9.14,8.63,9.66,9.98,9.04,8.71,9.64,9.09,8.59,9.07
5.67,5.83,5.07,5.7,4.93,4.67,5.6,4.79,4.55,5.85,5.93,5.41,5.44,5.13,5.33,4.12,5.75
9.0,9.39,8.57,8.76,8.2,7.88,9.14,7.63,7.31,10.33,10.32,8.95,8.41,8.24,8.22,9.04,9.89
12.34,12.22,12.49,12.68,12.07,11.59,12.13,11.29,11.68,13.06,12.8,12.38,11.93,12.07,11.98,11.77,12.47
7.33,7.65,6.98,7.52,6.6,6.32,7.72,6.35,6.29,8.52,8.82,7.62,6.97,6.95,7.12,7.24,8.13
4.7,4.73,4.56,4.43,4.01,4.18,5.07,4.61,3.53,4.28,4.28,4.1,4.36,4.88,4.71,2.08,3.21
8.18,8.19,7.17,7.19,6.52,7.46,7.92,8.44,8.56,9.27,9.61,9.18,8.12,8.4,8.04,8.94,8.97
4.78,4.85,4.13,4.18,4.09,3.91,4.87,4.7,4.05,5.02,5.13,4.51,4.41,4.82,4.33,2.56,4.24
5.22,5.47,4.96,5.61,4.82,4.62,5.24,4.77,4.55,5.5,5.68,5.17,5.38,4.91,5.12,4.77,5.63
11.21,11.15,11.02,10.2,10.1,9.75,10.65,10.8,10.03,9.14,9.27,8.14,8.91,9.67,9.69,8.69,8.55
5.43,5.43,5.21,5.74,4.75,4.46,5.65,5.4,4.8,5.2,5.0,5.05,5.23,5.55,5.1,3.38,3.86
5.56,5.32,4.95,4.98,6.19,6.39,7.01,6.31,5.19,5.99,5.34,5.27,5.26,5.03,6.23,5.17,6.91
6.09,6.05,5.47,5.99,5.09,4.62,6.21,5.3,4.69,6.74,7.27,6.21,6.03,6.21,5.48,5.27,6.91
5.76,5.73,5.3,5.33,4.97,4.93,5.71,5.23,4.83,6.15,6.09,5.53,5.23,5.14,5.35,4.59,5.25
5.99,5.76,5.49,5.51,4.88,4.81,5.85,5.3,5.08,6.35,6.34,5.86,5.44,5.62,5.25,4.86,5.88
4.2,3.77,3.04,2.88,2.63,1.93,3.23,3.2,2.14,3.58,4.37,3.18,2.7,2.14,2.79,3.5,4.23
5.37,4.91,4.35,4.69,4.0,3.81,5.27,4.46,4.13,6.09,6.16,5.17,4.74,4.61,4.65,4.33,5.51
7.45,7.25,6.37,5.33,4.62,4.4,6.45,4.94,5.05,7.37,7.22,6.55,4.73,4.52,4.2,4.58,5.51
5.67,5.59,4.84,5.31,5.14,5.44,5.91,5.09,4.51,6.53,6.12,5.38,5.41,4.79,5.1,5.89,7.3
11.35,11.42,11.18,10.83,10.78,10.59,11.17,10.72,10.4,12.38,11.98,11.49,11.08,10.82,10.83,11.23,11.47
9.51,10.07,9.31,9.9,9.27,8.84,9.27,8.5,8.23,10.23,10.56,9.72,9.48,9.04,9.43,9.71,10.18
7.24,7.4,6.68,7.05,6.05,5.82,6.79,6.07,5.77,7.71,7.95,7.15,6.81,7.13,6.36,6.59,7.35
13.12,13.04,12.98,13.17,13.0,12.89,12.97,12.62,12.57,13.53,13.27,13.09,13.09,12.94,12.85,12.89,12.94
6.25,6.17,5.33,5.27,4.68,5.0,5.56,5.99,5.63,6.77,6.7,6.99,6.0,6.14,5.16,6.01,6.3
7.33,7.22,6.43,6.59,5.85,5.84,7.57,6.14,5.81,8.43,8.41,7.31,6.67,6.64,6.3,6.68,7.76
13.83,13.68,13.96,13.81,13.51,12.63,13.75,13.58,12.94,12.69,12.73,12.15,12.29,13.1,12.67,11.86,12.32
5.59,5.65,5.28,5.56,4.98,4.62,5.49,4.82,4.48,6.02,5.94,5.42,5.37,5.53,5.1,4.89,5.45
9.03,9.52,8.84,9.87,8.82,8.07,9.16,7.79,8.11,10.17,10.6,9.06,8.71,8.81,8.76,8.78,9.92
10.42,10.78,10.01,10.31,9.9,9.62,10.53,9.38,9.27,11.71,11.47,10.45,9.97,9.58,9.8,10.51,10.97
6.67,6.96,5.94,6.5,5.72,5.46,6.24,5.37,4.93,7.23,7.97,6.48,6.46,5.99,6.06,6.85,7.7
6.59,6.47,6.54,6.72,6.0,5.76,6.37,5.87,5.73,7.15,6.91,6.64,6.57,6.33,6.51,6.47,7.02
6.06,5.76,5.69,5.77,4.88,4.66,5.62,5.49,4.88,5.86,6.18,5.91,5.46,6.19,5.49,4.1,4.94
10.3,10.65,10.09,10.49,9.95,9.51,11.01,9.53,9.53,11.79,11.87,10.69,10.11,9.94,10.07,10.29,10.92
6.02,6.03,5.42,5.85,5.1,4.8,6.64,5.09,4.79,7.22,7.47,6.3,5.57,5.42,5.52,5.65,7.02
7.03,6.96,6.22,5.77,5.23,5.52,5.82,6.56,7.06,6.51,7.41,7.02,6.79,6.72,6.89,5.59,5.86
0.5,1.48,1.35,1.85,1.6,1.46,3.92,1.04,0.5,1.5,1.79,1.7,1.16,0.65,1.36,0.5,0.0
7.38,7.74,7.35,8.36,6.99,6.59,7.61,6.9,6.32,7.84,8.49,7.34,6.96,8.24,7.64,6.19,7.29
7.88,8.1,7.5,8.37,7.4,7.03,7.73,7.02,6.67,8.13,8.73,7.94,7.55,7.69,7.52,7.6,8.42
4.93,4.94,4.17,4.66,3.84,3.75,5.14,4.2,3.81,5.97,5.77,5.17,4.52,4.61,4.26,4.41,5.09
8.34,7.88,7.84,7.57,7.49,6.69,7.87,7.54,7.49,8.09,7.79,7.11,6.64,6.81,6.92,7.47,7.37
8.29,8.18,8.23,8.13,7.12,7.11,8.06,7.83,7.47,8.48,8.58,8.31,7.86,8.72,7.84,6.57,7.32
5.35,5.04,4.58,4.65,3.8,3.93,4.91,4.92,4.28,5.01,5.62,4.86,4.59,4.12,4.32,4.75,5.1
8.41,8.77,7.81,8.24,7.44,7.21,8.28,7.0,6.75,9.4,9.45,8.11,7.54,7.58,7.41,8.21,9.15
5.93,5.29,5.34,4.99,4.74,4.51,4.95,5.27,5.31,5.7,5.5,5.39,5.02,5.58,4.98,4.29,5.55
5.6,5.4,4.66,4.71,3.8,3.91,5.13,4.63,4.43,5.59,4.89,4.79,4.54,4.18,4.26,3.56,4.57
6.82,7.0,6.4,6.57,5.97,5.78,7.11,5.9,5.79,7.97,8.49,7.23,6.59,6.47,6.32,6.95,8.07
4.33,4.0,3.58,4.2,3.27,3.38,3.93,3.14,3.52,5.05,4.65,3.7,3.88,3.62,3.63,3.93,5.91
7.41,7.48,6.94,7.14,6.43,6.32,7.52,6.55,6.17,8.04,8.25,7.51,7.03,7.06,6.87,7.04,7.97
12.93,13.15,12.2,12.33,11.81,11.6,12.75,12.45,11.74,13.48,13.53,12.92,12.78,12.21,12.32,12.98,13.03
12.01,12.26,11.79,12.33,11.85,11.13,12.3,11.18,11.31,13.47,13.01,12.34,12.32,11.95,11.74,12.0,12.22
5.9,5.73,5.32,5.29,4.85,4.71,5.87,5.29,4.64,6.46,6.55,5.91,5.67,5.69,5.17,4.86,6.1
11.38,11.51,10.97,11.63,10.68,10.31,11.54,10.65,9.99,12.63,12.54,11.64,11.11,11.76,11.34,11.01,11.48
9.86,9.9,9.18,9.93,9.12,8.58,10.42,8.71,8.36,11.04,11.16,10.03,9.85,9.51,9.26,10.16,10.4
6.57,6.75,6.28,6.81,6.06,5.85,6.68,5.94,5.4,7.13,7.51,6.61,6.34,6.37,6.35,6.38,7.49
5.95,5.77,5.2,5.53,5.07,4.93,6.0,5.51,4.73,6.27,6.04,5.55,5.43,5.54,5.2,5.17,5.62
5.79,5.81,4.76,5.28,4.5,4.13,5.62,4.19,4.04,6.69,7.15,5.8,5.42,4.76,4.61,5.13,7.21
5.79,5.81,5.36,5.45,4.91,4.9,5.91,5.31,5.21,6.31,6.11,5.84,5.56,5.78,5.45,4.84,5.71
6.29,6.27,6.0,5.87,5.23,5.26,6.53,5.8,5.67,7.11,6.97,6.61,6.24,6.36,5.93,5.68,6.35
12.23,12.47,11.66,12.25,11.61,11.02,12.5,11.98,11.64,13.01,13.41,12.68,11.87,11.97,12.0,12.07,12.05
7.5,7.72,7.06,8.04,6.97,6.3,7.68,6.27,6.37,8.85,9.28,7.71,7.61,6.85,6.82,7.57,8.85
7.32,7.39,7.24,7.03,6.77,6.72,7.36,6.63,6.28,7.54,7.66,7.07,6.77,7.22,6.86,6.53,7.22
7.04,6.96,6.27,6.79,6.05,5.77,7.12,6.15,5.87,7.42,7.45,6.7,6.42,6.69,6.27,6.21,6.68
7.04,7.19,6.53,7.19,6.17,5.97,6.55,7.82,7.55,8.26,8.62,8.66,7.57,8.19,7.83,8.42,8.78
7.44,7.9,6.94,7.73,6.78,6.25,8.19,5.9,5.7,9.09,9.49,7.78,7.1,6.69,6.61,7.51,8.88
5.69,5.51,4.91,4.92,4.79,4.75,5.2,5.41,4.82,5.3,5.4,5.19,5.49,5.56,4.94,3.72,4.54
5.08,5.17,4.97,4.99,4.55,4.54,5.33,5.25,4.36,5.41,5.06,5.34,5.14,5.79,5.31,3.6,4.58
6.36,6.27,5.83,6.31,5.53,5.31,6.17,5.83,5.38,6.65,6.58,6.36,6.12,6.0,5.67,5.24,5.85
5.5,5.29,5.15,6.07,5.24,5.33,5.82,6.02,4.76,5.28,6.14,5.38,5.35,7.21,5.71,4.31,5.11
4.84,4.72,4.44,4.52,3.87,3.64,4.42,4.06,3.98,4.87,4.69,4.4,4.48,4.15,3.91,2.45,3.56
7.66,7.69,7.56,7.86,6.85,6.74,7.59,7.26,6.61,7.97,7.95,7.41,7.48,8.17,7.98,6.44,7.0
11.0,10.97,10.28,11.54,10.49,10.09,11.36,11.09,10.42,11.53,12.36,11.37,11.0,12.18,11.62,10.74,10.9
6.43,5.99,5.75,6.1,5.86,5.41,6.0,5.66,5.79,7.16,6.99,6.4,6.4,6.94,6.76,6.65,7.68
10.2,10.43,10.16,10.57,9.73,9.4,10.31,9.4,9.01,10.71,10.88,10.26,9.92,10.4,9.96,9.78,10.45
6.44,6.71,6.2,7.04,5.57,5.56,6.66,6.06,5.35,7.23,7.48,6.53,6.37,6.56,5.96,6.24,6.88
3.86,3.75,2.55,2.48,2.12,2.08,3.33,2.56,2.3,4.03,4.0,3.45,2.81,3.05,2.01,1.79,3.12
5.71,5.73,5.25,4.58,3.91,4.08,5.55,4.95,4.67,6.79,7.0,5.93,4.98,5.07,4.28,4.97,5.41
9.79,9.82,8.6,9.24,8.34,8.0,9.51,8.66,7.81,10.46,11.37,10.0,9.16,8.66,9.0,9.95,10.0
3.01,3.88,3.0,3.81,3.02,3.03,3.2,2.82,2.7,3.86,4.41,3.58,3.57,3.28,3.47,3.34,4.59
5.99,6.05,5.24,5.91,4.7,4.56,6.15,5.26,4.35,6.52,7.04,5.94,5.79,5.26,5.03,5.58,6.37
8.97,8.84,8.2,8.4,7.44,7.42,8.62,7.82,7.44,9.74,9.43,8.61,8.16,8.03,7.56,8.16,8.47
7.24,7.17,6.79,7.02,6.22,5.87,7.14,6.52,5.87,7.73,7.96,7.17,6.61,6.95,6.24,6.76,6.99
6.55,8.22,7.44,7.96,7.44,6.92,7.66,6.25,,9.13,9.91,8.11,7.62,7.0,7.26,8.72,9.54
4.87,4.34,3.94,3.77,3.39,3.45,4.14,4.14,,3.92,4.07,4.17,4.0,4.26,3.84,2.27,3.22
